file,line,type,commit,author,date,time,timezone,datetime,depth,length
style.css,1,css,5741d22f,Shaanb2000,2025-10-18,22:15:35,-07:00,2025-10-18T22:15:35-07:00,0,58
style.css,2,css,613626a9,Shaanb2000,2025-10-21,20:59:40,-07:00,2025-10-21T20:59:40-07:00,0,5
style.css,3,css,613626a9,Shaanb2000,2025-10-21,20:59:40,-07:00,2025-10-21T20:59:40-07:00,1,31
style.css,4,css,613626a9,Shaanb2000,2025-10-21,20:59:40,-07:00,2025-10-21T20:59:40-07:00,1,32
style.css,5,css,613626a9,Shaanb2000,2025-10-21,20:59:40,-07:00,2025-10-21T20:59:40-07:00,0,0
style.css,6,css,613626a9,Shaanb2000,2025-10-21,20:59:40,-07:00,2025-10-21T20:59:40-07:00,0,0
style.css,7,css,511c90ba,Shaanb2000,2025-10-24,16:10:17,-07:00,2025-10-24T16:10:17-07:00,0,4
style.css,8,css,511c90ba,Shaanb2000,2025-10-24,16:10:17,-07:00,2025-10-24T16:10:17-07:00,1,88
style.css,9,css,511c90ba,Shaanb2000,2025-10-24,16:10:17,-07:00,2025-10-24T16:10:17-07:00,1,23
style.css,10,css,511c90ba,Shaanb2000,2025-10-24,16:10:17,-07:00,2025-10-24T16:10:17-07:00,0,0
style.css,11,css,5741d22f,Shaanb2000,2025-10-18,22:15:35,-07:00,2025-10-18T22:15:35-07:00,0,27
style.css,12,css,613626a9,Shaanb2000,2025-10-21,20:59:40,-07:00,2025-10-21T20:59:40-07:00,0,0
style.css,13,css,613626a9,Shaanb2000,2025-10-21,20:59:40,-07:00,2025-10-21T20:59:40-07:00,0,54
style.css,14,css,613626a9,Shaanb2000,2025-10-21,20:59:40,-07:00,2025-10-21T20:59:40-07:00,0,4
style.css,15,css,613626a9,Shaanb2000,2025-10-21,20:59:40,-07:00,2025-10-21T20:59:40-07:00,1,8
style.css,16,css,613626a9,Shaanb2000,2025-10-21,20:59:40,-07:00,2025-10-21T20:59:40-07:00,1,52
style.css,17,css,613626a9,Shaanb2000,2025-10-21,20:59:40,-07:00,2025-10-21T20:59:40-07:00,1,18
style.css,18,css,613626a9,Shaanb2000,2025-10-21,20:59:40,-07:00,2025-10-21T20:59:40-07:00,1,70
style.css,19,css,613626a9,Shaanb2000,2025-10-21,20:59:40,-07:00,2025-10-21T20:59:40-07:00,1,18
style.css,20,css,17d88cf4,Shaanb2000,2025-10-24,23:08:02,-07:00,2025-10-24T23:08:02-07:00,1,17
style.css,21,css,17d88cf4,Shaanb2000,2025-10-24,23:08:02,-07:00,2025-10-24T23:08:02-07:00,1,16
style.css,22,css,613626a9,Shaanb2000,2025-10-21,20:59:40,-07:00,2025-10-21T20:59:40-07:00,0,0
style.css,23,css,613626a9,Shaanb2000,2025-10-21,20:59:40,-07:00,2025-10-21T20:59:40-07:00,0,0
style.css,24,css,613626a9,Shaanb2000,2025-10-21,20:59:40,-07:00,2025-10-21T20:59:40-07:00,0,22
style.css,25,css,613626a9,Shaanb2000,2025-10-21,20:59:40,-07:00,2025-10-21T20:59:40-07:00,0,3
style.css,26,css,9b5d6f4c,Shaanb2000,2025-10-24,16:33:41,-07:00,2025-10-24T16:33:41-07:00,1,39
style.css,27,css,613626a9,Shaanb2000,2025-10-21,20:59:40,-07:00,2025-10-21T20:59:40-07:00,1,12
style.css,28,css,9b5d6f4c,Shaanb2000,2025-10-24,16:33:41,-07:00,2025-10-24T16:33:41-07:00,1,43
style.css,29,css,613626a9,Shaanb2000,2025-10-21,20:59:40,-07:00,2025-10-21T20:59:40-07:00,1,18
style.css,30,css,613626a9,Shaanb2000,2025-10-21,20:59:40,-07:00,2025-10-21T20:59:40-07:00,0,0
style.css,31,css,613626a9,Shaanb2000,2025-10-21,20:59:40,-07:00,2025-10-21T20:59:40-07:00,0,5
style.css,32,css,613626a9,Shaanb2000,2025-10-21,20:59:40,-07:00,2025-10-21T20:59:40-07:00,1,62
style.css,33,css,613626a9,Shaanb2000,2025-10-21,20:59:40,-07:00,2025-10-21T20:59:40-07:00,1,17
style.css,34,css,613626a9,Shaanb2000,2025-10-21,20:59:40,-07:00,2025-10-21T20:59:40-07:00,1,45
style.css,35,css,613626a9,Shaanb2000,2025-10-21,20:59:40,-07:00,2025-10-21T20:59:40-07:00,1,51
style.css,36,css,613626a9,Shaanb2000,2025-10-21,20:59:40,-07:00,2025-10-21T20:59:40-07:00,1,13
style.css,37,css,613626a9,Shaanb2000,2025-10-21,20:59:40,-07:00,2025-10-21T20:59:40-07:00,0,0
style.css,38,css,613626a9,Shaanb2000,2025-10-21,20:59:40,-07:00,2025-10-21T20:59:40-07:00,0,65
style.css,39,css,9b5d6f4c,Shaanb2000,2025-10-24,16:33:41,-07:00,2025-10-24T16:33:41-07:00,0,13
style.css,40,css,613626a9,Shaanb2000,2025-10-21,20:59:40,-07:00,2025-10-21T20:59:40-07:00,1,45
style.css,41,css,613626a9,Shaanb2000,2025-10-21,20:59:40,-07:00,2025-10-21T20:59:40-07:00,1,60
style.css,42,css,613626a9,Shaanb2000,2025-10-21,20:59:40,-07:00,2025-10-21T20:59:40-07:00,0,0
style.css,43,css,613626a9,Shaanb2000,2025-10-21,20:59:40,-07:00,2025-10-21T20:59:40-07:00,0,0
style.css,44,css,9b5d6f4c,Shaanb2000,2025-10-24,16:33:41,-07:00,2025-10-24T16:33:41-07:00,0,11
style.css,45,css,9b5d6f4c,Shaanb2000,2025-10-24,16:33:41,-07:00,2025-10-24T16:33:41-07:00,1,69
style.css,46,css,9b5d6f4c,Shaanb2000,2025-10-24,16:33:41,-07:00,2025-10-24T16:33:41-07:00,0,0
style.css,47,css,9b5d6f4c,Shaanb2000,2025-10-24,16:33:41,-07:00,2025-10-24T16:33:41-07:00,0,0
style.css,48,css,613626a9,Shaanb2000,2025-10-21,20:59:40,-07:00,2025-10-21T20:59:40-07:00,0,26
style.css,49,css,613626a9,Shaanb2000,2025-10-21,20:59:40,-07:00,2025-10-21T20:59:40-07:00,0,63
style.css,50,css,613626a9,Shaanb2000,2025-10-21,20:59:40,-07:00,2025-10-21T20:59:40-07:00,0,38
style.css,51,css,613626a9,Shaanb2000,2025-10-21,20:59:40,-07:00,2025-10-21T20:59:40-07:00,0,52
style.css,52,css,613626a9,Shaanb2000,2025-10-21,20:59:40,-07:00,2025-10-21T20:59:40-07:00,0,31
style.css,53,css,613626a9,Shaanb2000,2025-10-21,20:59:40,-07:00,2025-10-21T20:59:40-07:00,0,24
style.css,54,css,613626a9,Shaanb2000,2025-10-21,20:59:40,-07:00,2025-10-21T20:59:40-07:00,0,0
style.css,55,css,613626a9,Shaanb2000,2025-10-21,20:59:40,-07:00,2025-10-21T20:59:40-07:00,0,10
style.css,56,css,613626a9,Shaanb2000,2025-10-21,20:59:40,-07:00,2025-10-21T20:59:40-07:00,0,73
style.css,57,css,613626a9,Shaanb2000,2025-10-21,20:59:40,-07:00,2025-10-21T20:59:40-07:00,0,0
style.css,58,css,613626a9,Shaanb2000,2025-10-21,20:59:40,-07:00,2025-10-21T20:59:40-07:00,0,30
style.css,59,css,613626a9,Shaanb2000,2025-10-21,20:59:40,-07:00,2025-10-21T20:59:40-07:00,0,4
style.css,60,css,613626a9,Shaanb2000,2025-10-21,20:59:40,-07:00,2025-10-21T20:59:40-07:00,1,12
style.css,61,css,613626a9,Shaanb2000,2025-10-21,20:59:40,-07:00,2025-10-21T20:59:40-07:00,1,62
style.css,62,css,613626a9,Shaanb2000,2025-10-21,20:59:40,-07:00,2025-10-21T20:59:40-07:00,1,7
style.css,63,css,613626a9,Shaanb2000,2025-10-21,20:59:40,-07:00,2025-10-21T20:59:40-07:00,1,18
style.css,64,css,613626a9,Shaanb2000,2025-10-21,20:59:40,-07:00,2025-10-21T20:59:40-07:00,0,0
style.css,65,css,613626a9,Shaanb2000,2025-10-21,20:59:40,-07:00,2025-10-21T20:59:40-07:00,0,42
style.css,66,css,613626a9,Shaanb2000,2025-10-21,20:59:40,-07:00,2025-10-21T20:59:40-07:00,0,23
style.css,67,css,613626a9,Shaanb2000,2025-10-21,20:59:40,-07:00,2025-10-21T20:59:40-07:00,1,13
style.css,68,css,613626a9,Shaanb2000,2025-10-21,20:59:40,-07:00,2025-10-21T20:59:40-07:00,1,10
style.css,69,css,613626a9,Shaanb2000,2025-10-21,20:59:40,-07:00,2025-10-21T20:59:40-07:00,1,21
style.css,70,css,613626a9,Shaanb2000,2025-10-21,20:59:40,-07:00,2025-10-21T20:59:40-07:00,1,57
style.css,71,css,613626a9,Shaanb2000,2025-10-21,20:59:40,-07:00,2025-10-21T20:59:40-07:00,1,13
style.css,72,css,613626a9,Shaanb2000,2025-10-21,20:59:40,-07:00,2025-10-21T20:59:40-07:00,0,0
style.css,73,css,613626a9,Shaanb2000,2025-10-21,20:59:40,-07:00,2025-10-21T20:59:40-07:00,0,58
style.css,74,css,613626a9,Shaanb2000,2025-10-21,20:59:40,-07:00,2025-10-21T20:59:40-07:00,0,73
style.css,75,css,613626a9,Shaanb2000,2025-10-21,20:59:40,-07:00,2025-10-21T20:59:40-07:00,0,0
style.css,76,css,613626a9,Shaanb2000,2025-10-21,20:59:40,-07:00,2025-10-21T20:59:40-07:00,0,28
style.css,77,css,613626a9,Shaanb2000,2025-10-21,20:59:40,-07:00,2025-10-21T20:59:40-07:00,0,9
style.css,78,css,613626a9,Shaanb2000,2025-10-21,20:59:40,-07:00,2025-10-21T20:59:40-07:00,1,12
style.css,79,css,613626a9,Shaanb2000,2025-10-21,20:59:40,-07:00,2025-10-21T20:59:40-07:00,1,58
style.css,80,css,613626a9,Shaanb2000,2025-10-21,20:59:40,-07:00,2025-10-21T20:59:40-07:00,1,7
style.css,81,css,613626a9,Shaanb2000,2025-10-21,20:59:40,-07:00,2025-10-21T20:59:40-07:00,0,0
style.css,82,css,613626a9,Shaanb2000,2025-10-21,20:59:40,-07:00,2025-10-21T20:59:40-07:00,0,17
style.css,83,css,613626a9,Shaanb2000,2025-10-21,20:59:40,-07:00,2025-10-21T20:59:40-07:00,1,61
style.css,84,css,613626a9,Shaanb2000,2025-10-21,20:59:40,-07:00,2025-10-21T20:59:40-07:00,1,66
style.css,85,css,613626a9,Shaanb2000,2025-10-21,20:59:40,-07:00,2025-10-21T20:59:40-07:00,1,65
style.css,86,css,613626a9,Shaanb2000,2025-10-21,20:59:40,-07:00,2025-10-21T20:59:40-07:00,1,8
style.css,87,css,613626a9,Shaanb2000,2025-10-21,20:59:40,-07:00,2025-10-21T20:59:40-07:00,1,11
style.css,88,css,c2449a74,Shaanb2000,2025-10-24,23:38:06,-07:00,2025-10-24T23:38:06-07:00,1,64
style.css,89,css,613626a9,Shaanb2000,2025-10-21,20:59:40,-07:00,2025-10-21T20:59:40-07:00,1,19
style.css,90,css,0fe977cc,Shaanb2000,2025-10-24,23:34:31,-07:00,2025-10-24T23:34:31-07:00,1,17
style.css,91,css,0fe977cc,Shaanb2000,2025-10-24,23:34:31,-07:00,2025-10-24T23:34:31-07:00,1,16
style.css,92,css,c2449a74,Shaanb2000,2025-10-24,23:38:06,-07:00,2025-10-24T23:38:06-07:00,1,73
style.css,93,css,c2449a74,Shaanb2000,2025-10-24,23:38:06,-07:00,2025-10-24T23:38:06-07:00,1,48
style.css,94,css,ad9d0df0,Shaanb2000,2025-10-24,23:27:09,-07:00,2025-10-24T23:27:09-07:00,0,0
style.css,95,css,613626a9,Shaanb2000,2025-10-21,20:59:40,-07:00,2025-10-21T20:59:40-07:00,0,12
style.css,96,css,613626a9,Shaanb2000,2025-10-21,20:59:40,-07:00,2025-10-21T20:59:40-07:00,1,8
style.css,97,css,613626a9,Shaanb2000,2025-10-21,20:59:40,-07:00,2025-10-21T20:59:40-07:00,1,16
style.css,98,css,613626a9,Shaanb2000,2025-10-21,20:59:40,-07:00,2025-10-21T20:59:40-07:00,1,15
style.css,99,css,c2449a74,Shaanb2000,2025-10-24,23:38:06,-07:00,2025-10-24T23:38:06-07:00,1,43
style.css,100,css,613626a9,Shaanb2000,2025-10-21,20:59:40,-07:00,2025-10-21T20:59:40-07:00,0,0
style.css,101,css,613626a9,Shaanb2000,2025-10-21,20:59:40,-07:00,2025-10-21T20:59:40-07:00,0,58
style.css,102,css,613626a9,Shaanb2000,2025-10-21,20:59:40,-07:00,2025-10-21T20:59:40-07:00,0,0
style.css,103,css,a44f1d3c,Shaanb2000,2025-11-22,19:21:23,-08:00,2025-11-22T19:21:23-08:00,0,20
style.css,104,css,a44f1d3c,Shaanb2000,2025-11-22,19:21:23,-08:00,2025-11-22T19:21:23-08:00,0,18
style.css,105,css,a44f1d3c,Shaanb2000,2025-11-22,19:21:23,-08:00,2025-11-22T19:21:23-08:00,1,14
style.css,106,css,a44f1d3c,Shaanb2000,2025-11-22,19:21:23,-08:00,2025-11-22T19:21:23-08:00,1,16
style.css,107,css,a44f1d3c,Shaanb2000,2025-11-22,19:21:23,-08:00,2025-11-22T19:21:23-08:00,1,16
style.css,108,css,a44f1d3c,Shaanb2000,2025-11-22,19:21:23,-08:00,2025-11-22T19:21:23-08:00,0,0
style.css,109,css,a44f1d3c,Shaanb2000,2025-11-22,19:21:23,-08:00,2025-11-22T19:21:23-08:00,0,0
style.css,110,css,a44f1d3c,Shaanb2000,2025-11-22,19:21:23,-08:00,2025-11-22T19:21:23-08:00,0,23
style.css,111,css,a44f1d3c,Shaanb2000,2025-11-22,19:21:23,-08:00,2025-11-22T19:21:23-08:00,1,14
style.css,112,css,a44f1d3c,Shaanb2000,2025-11-22,19:21:23,-08:00,2025-11-22T19:21:23-08:00,1,24
style.css,113,css,a44f1d3c,Shaanb2000,2025-11-22,19:21:23,-08:00,2025-11-22T19:21:23-08:00,0,0
style.css,114,css,a44f1d3c,Shaanb2000,2025-11-22,19:21:23,-08:00,2025-11-22T19:21:23-08:00,0,0
style.css,115,css,a44f1d3c,Shaanb2000,2025-11-22,19:21:23,-08:00,2025-11-22T19:21:23-08:00,0,51
style.css,116,css,a44f1d3c,Shaanb2000,2025-11-22,19:21:23,-08:00,2025-11-22T19:21:23-08:00,1,11
style.css,117,css,a44f1d3c,Shaanb2000,2025-11-22,19:21:23,-08:00,2025-11-22T19:21:23-08:00,0,0
style.css,118,css,a44f1d3c,Shaanb2000,2025-11-22,19:21:23,-08:00,2025-11-22T19:21:23-08:00,0,0
style.css,119,css,7f6506c6,Shaanb2000,2025-11-22,20:17:11,-08:00,2025-11-22T20:17:11-08:00,0,30
style.css,120,css,7f6506c6,Shaanb2000,2025-11-22,20:17:11,-08:00,2025-11-22T20:17:11-08:00,0,23
style.css,121,css,7f6506c6,Shaanb2000,2025-11-22,20:17:11,-08:00,2025-11-22T20:17:11-08:00,1,11
style.css,122,css,7f6506c6,Shaanb2000,2025-11-22,20:17:11,-08:00,2025-11-22T20:17:11-08:00,0,0
style.css,123,css,7f6506c6,Shaanb2000,2025-11-22,20:17:11,-08:00,2025-11-22T20:17:11-08:00,0,0
style.css,124,css,7f6506c6,Shaanb2000,2025-11-22,20:17:11,-08:00,2025-11-22T20:17:11-08:00,0,52
style.css,125,css,7f6506c6,Shaanb2000,2025-11-22,20:17:11,-08:00,2025-11-22T20:17:11-08:00,0,0
style.css,126,css,7f6506c6,Shaanb2000,2025-11-22,20:17:11,-08:00,2025-11-22T20:17:11-08:00,0,51
style.css,127,css,7f6506c6,Shaanb2000,2025-11-22,20:17:11,-08:00,2025-11-22T20:17:11-08:00,0,45
style.css,128,css,7f6506c6,Shaanb2000,2025-11-22,20:17:11,-08:00,2025-11-22T20:17:11-08:00,1,22
style.css,129,css,7f6506c6,Shaanb2000,2025-11-22,20:17:11,-08:00,2025-11-22T20:17:11-08:00,1,20
style.css,130,css,c42d2f00,Shaanb2000,2025-11-22,20:06:10,-08:00,2025-11-22T20:06:10-08:00,0,0
style.css,131,css,c42d2f00,Shaanb2000,2025-11-22,20:06:10,-08:00,2025-11-22T20:06:10-08:00,0,0
style.css,132,css,7f6506c6,Shaanb2000,2025-11-22,20:17:11,-08:00,2025-11-22T20:17:11-08:00,0,45
style.css,133,css,c42d2f00,Shaanb2000,2025-11-22,20:06:10,-08:00,2025-11-22T20:06:10-08:00,0,44
style.css,134,css,c42d2f00,Shaanb2000,2025-11-22,20:06:10,-08:00,2025-11-22T20:06:10-08:00,1,22
style.css,135,css,c42d2f00,Shaanb2000,2025-11-22,20:06:10,-08:00,2025-11-22T20:06:10-08:00,1,20
style.css,136,css,a44f1d3c,Shaanb2000,2025-11-22,19:21:23,-08:00,2025-11-22T19:21:23-08:00,0,0
style.css,137,css,a44f1d3c,Shaanb2000,2025-11-22,19:21:23,-08:00,2025-11-22T19:21:23-08:00,0,0
style.css,138,css,a44f1d3c,Shaanb2000,2025-11-22,19:21:23,-08:00,2025-11-22T19:21:23-08:00,0,38
style.css,139,css,a44f1d3c,Shaanb2000,2025-11-22,19:21:23,-08:00,2025-11-22T19:21:23-08:00,0,10
style.css,140,css,a44f1d3c,Shaanb2000,2025-11-22,19:21:23,-08:00,2025-11-22T19:21:23-08:00,1,12
style.css,141,css,a44f1d3c,Shaanb2000,2025-11-22,19:21:23,-08:00,2025-11-22T19:21:23-08:00,1,7
style.css,142,css,a44f1d3c,Shaanb2000,2025-11-22,19:21:23,-08:00,2025-11-22T19:21:23-08:00,1,18
style.css,143,css,a44f1d3c,Shaanb2000,2025-11-22,19:21:23,-08:00,2025-11-22T19:21:23-08:00,1,16
style.css,144,css,a44f1d3c,Shaanb2000,2025-11-22,19:21:23,-08:00,2025-11-22T19:21:23-08:00,0,0
style.css,145,css,a44f1d3c,Shaanb2000,2025-11-22,19:21:23,-08:00,2025-11-22T19:21:23-08:00,0,0
style.css,146,css,a44f1d3c,Shaanb2000,2025-11-22,19:21:23,-08:00,2025-11-22T19:21:23-08:00,0,17
style.css,147,css,a44f1d3c,Shaanb2000,2025-11-22,19:21:23,-08:00,2025-11-22T19:21:23-08:00,0,7
style.css,148,css,a44f1d3c,Shaanb2000,2025-11-22,19:21:23,-08:00,2025-11-22T19:21:23-08:00,1,12
style.css,149,css,a44f1d3c,Shaanb2000,2025-11-22,19:21:23,-08:00,2025-11-22T19:21:23-08:00,1,57
style.css,150,css,a44f1d3c,Shaanb2000,2025-11-22,19:21:23,-08:00,2025-11-22T19:21:23-08:00,1,9
style.css,151,css,a44f1d3c,Shaanb2000,2025-11-22,19:21:23,-08:00,2025-11-22T19:21:23-08:00,1,15
style.css,152,css,a44f1d3c,Shaanb2000,2025-11-22,19:21:23,-08:00,2025-11-22T19:21:23-08:00,1,11
style.css,153,css,a44f1d3c,Shaanb2000,2025-11-22,19:21:23,-08:00,2025-11-22T19:21:23-08:00,1,64
style.css,154,css,a44f1d3c,Shaanb2000,2025-11-22,19:21:23,-08:00,2025-11-22T19:21:23-08:00,1,19
style.css,155,css,a44f1d3c,Shaanb2000,2025-11-22,19:21:23,-08:00,2025-11-22T19:21:23-08:00,1,6
style.css,156,css,a44f1d3c,Shaanb2000,2025-11-22,19:21:23,-08:00,2025-11-22T19:21:23-08:00,1,8
style.css,157,css,a44f1d3c,Shaanb2000,2025-11-22,19:21:23,-08:00,2025-11-22T19:21:23-08:00,0,0
style.css,158,css,a44f1d3c,Shaanb2000,2025-11-22,19:21:23,-08:00,2025-11-22T19:21:23-08:00,0,0
style.css,159,css,a44f1d3c,Shaanb2000,2025-11-22,19:21:23,-08:00,2025-11-22T19:21:23-08:00,0,12
style.css,160,css,a44f1d3c,Shaanb2000,2025-11-22,19:21:23,-08:00,2025-11-22T19:21:23-08:00,1,12
style.css,161,css,a44f1d3c,Shaanb2000,2025-11-22,19:21:23,-08:00,2025-11-22T19:21:23-08:00,1,18
style.css,162,css,a44f1d3c,Shaanb2000,2025-11-22,19:21:23,-08:00,2025-11-22T19:21:23-08:00,1,9
style.css,163,css,a44f1d3c,Shaanb2000,2025-11-22,19:21:23,-08:00,2025-11-22T19:21:23-08:00,1,14
style.css,164,css,a44f1d3c,Shaanb2000,2025-11-22,19:21:23,-08:00,2025-11-22T19:21:23-08:00,0,0
style.css,165,css,a44f1d3c,Shaanb2000,2025-11-22,19:21:23,-08:00,2025-11-22T19:21:23-08:00,0,0
style.css,166,css,a44f1d3c,Shaanb2000,2025-11-22,19:21:23,-08:00,2025-11-22T19:21:23-08:00,0,21
style.css,167,css,8c8439ac,Shaanb2000,2025-11-22,19:43:21,-08:00,2025-11-22T19:43:21-08:00,1,16
style.css,168,css,8c8439ac,Shaanb2000,2025-11-22,19:43:21,-08:00,2025-11-22T19:43:21-08:00,0,0
style.css,169,css,8c8439ac,Shaanb2000,2025-11-22,19:43:21,-08:00,2025-11-22T19:43:21-08:00,0,0
style.css,170,css,8c8439ac,Shaanb2000,2025-11-22,19:43:21,-08:00,2025-11-22T19:43:21-08:00,0,29
style.css,171,css,8c8439ac,Shaanb2000,2025-11-22,19:43:21,-08:00,2025-11-22T19:43:21-08:00,1,33
style.css,172,css,8c8439ac,Shaanb2000,2025-11-22,19:43:21,-08:00,2025-11-22T19:43:21-08:00,1,43
style.css,173,css,a44f1d3c,Shaanb2000,2025-11-22,19:21:23,-08:00,2025-11-22T19:21:23-08:00,0,0
style.css,174,css,a44f1d3c,Shaanb2000,2025-11-22,19:21:23,-08:00,2025-11-22T19:21:23-08:00,0,0
style.css,175,css,a44f1d3c,Shaanb2000,2025-11-22,19:21:23,-08:00,2025-11-22T19:21:23-08:00,0,7
style.css,176,css,a44f1d3c,Shaanb2000,2025-11-22,19:21:23,-08:00,2025-11-22T19:21:23-08:00,1,20
style.css,177,css,a44f1d3c,Shaanb2000,2025-11-22,19:21:23,-08:00,2025-11-22T19:21:23-08:00,1,9
style.css,178,css,a44f1d3c,Shaanb2000,2025-11-22,19:21:23,-08:00,2025-11-22T19:21:23-08:00,1,10
style.css,179,css,a44f1d3c,Shaanb2000,2025-11-22,19:21:23,-08:00,2025-11-22T19:21:23-08:00,1,29
style.css,180,css,a44f1d3c,Shaanb2000,2025-11-22,19:21:23,-08:00,2025-11-22T19:21:23-08:00,1,19
style.css,181,css,a44f1d3c,Shaanb2000,2025-11-22,19:21:23,-08:00,2025-11-22T19:21:23-08:00,1,13
style.css,182,css,a44f1d3c,Shaanb2000,2025-11-22,19:21:23,-08:00,2025-11-22T19:21:23-08:00,0,0
style.css,183,css,a44f1d3c,Shaanb2000,2025-11-22,19:21:23,-08:00,2025-11-22T19:21:23-08:00,0,0
style.css,184,css,a44f1d3c,Shaanb2000,2025-11-22,19:21:23,-08:00,2025-11-22T19:21:23-08:00,0,21
style.css,185,css,a44f1d3c,Shaanb2000,2025-11-22,19:21:23,-08:00,2025-11-22T19:21:23-08:00,0,10
style.css,186,css,a44f1d3c,Shaanb2000,2025-11-22,19:21:23,-08:00,2025-11-22T19:21:23-08:00,1,10
style.css,187,css,a44f1d3c,Shaanb2000,2025-11-22,19:21:23,-08:00,2025-11-22T19:21:23-08:00,1,14
style.css,188,css,a44f1d3c,Shaanb2000,2025-11-22,19:21:23,-08:00,2025-11-22T19:21:23-08:00,1,13
style.css,189,css,a44f1d3c,Shaanb2000,2025-11-22,19:21:23,-08:00,2025-11-22T19:21:23-08:00,1,16
style.css,190,css,a44f1d3c,Shaanb2000,2025-11-22,19:21:23,-08:00,2025-11-22T19:21:23-08:00,1,12
style.css,191,css,a44f1d3c,Shaanb2000,2025-11-22,19:21:23,-08:00,2025-11-22T19:21:23-08:00,1,64
style.css,192,css,a44f1d3c,Shaanb2000,2025-11-22,19:21:23,-08:00,2025-11-22T19:21:23-08:00,1,20
style.css,193,css,a44f1d3c,Shaanb2000,2025-11-22,19:21:23,-08:00,2025-11-22T19:21:23-08:00,0,0
style.css,194,css,a44f1d3c,Shaanb2000,2025-11-22,19:21:23,-08:00,2025-11-22T19:21:23-08:00,0,0
style.css,195,css,511c90ba,Shaanb2000,2025-10-24,16:10:17,-07:00,2025-10-24T16:10:17-07:00,0,25
style.css,196,css,511c90ba,Shaanb2000,2025-10-24,16:10:17,-07:00,2025-10-24T16:10:17-07:00,0,13
style.css,197,css,511c90ba,Shaanb2000,2025-10-24,16:10:17,-07:00,2025-10-24T16:10:17-07:00,1,17
style.css,198,css,511c90ba,Shaanb2000,2025-10-24,16:10:17,-07:00,2025-10-24T16:10:17-07:00,1,8
style.css,199,css,511c90ba,Shaanb2000,2025-10-24,16:10:17,-07:00,2025-10-24T16:10:17-07:00,1,10
style.css,200,css,d8fc593a,Shaanb2000,2025-10-24,23:15:04,-07:00,2025-10-24T23:15:04-07:00,1,15
style.css,201,css,511c90ba,Shaanb2000,2025-10-24,16:10:17,-07:00,2025-10-24T16:10:17-07:00,1,12
style.css,202,css,511c90ba,Shaanb2000,2025-10-24,16:10:17,-07:00,2025-10-24T16:10:17-07:00,0,0
style.css,203,css,511c90ba,Shaanb2000,2025-10-24,16:10:17,-07:00,2025-10-24T16:10:17-07:00,0,0
style.css,204,css,d8fc593a,Shaanb2000,2025-10-24,23:15:04,-07:00,2025-10-24T23:15:04-07:00,0,31
style.css,205,css,d8fc593a,Shaanb2000,2025-10-24,23:15:04,-07:00,2025-10-24T23:15:04-07:00,1,12
style.css,206,css,511c90ba,Shaanb2000,2025-10-24,16:10:17,-07:00,2025-10-24T16:10:17-07:00,0,0
style.css,207,css,301c8e85,Shaanb2000,2025-11-05,11:12:51,-08:00,2025-11-05T11:12:51-08:00,0,0
style.css,208,css,301c8e85,Shaanb2000,2025-11-05,11:12:51,-08:00,2025-11-05T11:12:51-08:00,0,24
style.css,209,css,301c8e85,Shaanb2000,2025-11-05,11:12:51,-08:00,2025-11-05T11:12:51-08:00,0,17
style.css,210,css,301c8e85,Shaanb2000,2025-11-05,11:12:51,-08:00,2025-11-05T11:12:51-08:00,1,12
style.css,211,css,301c8e85,Shaanb2000,2025-11-05,11:12:51,-08:00,2025-11-05T11:12:51-08:00,1,36
style.css,212,css,301c8e85,Shaanb2000,2025-11-05,11:12:51,-08:00,2025-11-05T11:12:51-08:00,1,9
style.css,213,css,301c8e85,Shaanb2000,2025-11-05,11:12:51,-08:00,2025-11-05T11:12:51-08:00,1,17
style.css,214,css,301c8e85,Shaanb2000,2025-11-05,11:12:51,-08:00,2025-11-05T11:12:51-08:00,0,0
style.css,215,css,301c8e85,Shaanb2000,2025-11-05,11:12:51,-08:00,2025-11-05T11:12:51-08:00,0,17
style.css,216,css,de359569,Shaanb2000,2025-11-22,15:45:20,-08:00,2025-11-22T15:45:20-08:00,1,16
style.css,217,css,de359569,Shaanb2000,2025-11-22,15:45:20,-08:00,2025-11-22T15:45:20-08:00,1,10
style.css,218,css,301c8e85,Shaanb2000,2025-11-05,11:12:51,-08:00,2025-11-05T11:12:51-08:00,0,0
style.css,219,css,301c8e85,Shaanb2000,2025-11-05,11:12:51,-08:00,2025-11-05T11:12:51-08:00,0,17
style.css,220,css,de359569,Shaanb2000,2025-11-22,15:45:20,-08:00,2025-11-22T15:45:20-08:00,1,8
style.css,221,css,de359569,Shaanb2000,2025-11-22,15:45:20,-08:00,2025-11-22T15:45:20-08:00,1,10
style.css,222,css,301c8e85,Shaanb2000,2025-11-05,11:12:51,-08:00,2025-11-05T11:12:51-08:00,0,0
style.css,223,css,301c8e85,Shaanb2000,2025-11-05,11:12:51,-08:00,2025-11-05T11:12:51-08:00,0,0
style.css,224,css,5741d22f,Shaanb2000,2025-10-18,22:15:35,-07:00,2025-10-18T22:15:35-07:00,0,25
style.css,225,css,613626a9,Shaanb2000,2025-10-21,20:59:40,-07:00,2025-10-21T20:59:40-07:00,1,27
style.css,226,css,5741d22f,Shaanb2000,2025-10-18,22:15:35,-07:00,2025-10-18T22:15:35-07:00,0,0
style.css,227,css,00000000,Not Committed Yet,2025-11-22,21:35:05,-08:00,2025-11-22T21:35:05-08:00,0,0
style.css,228,css,00000000,Not Committed Yet,2025-11-22,21:35:05,-08:00,2025-11-22T21:35:05-08:00,0,27
style.css,229,css,00000000,Not Committed Yet,2025-11-22,21:35:05,-08:00,2025-11-22T21:35:05-08:00,0,0
style.css,230,css,00000000,Not Committed Yet,2025-11-22,21:35:05,-08:00,2025-11-22T21:35:05-08:00,0,17
style.css,231,css,00000000,Not Committed Yet,2025-11-22,21:35:05,-08:00,2025-11-22T21:35:05-08:00,0,6
style.css,232,css,00000000,Not Committed Yet,2025-11-22,21:35:05,-08:00,2025-11-22T21:35:05-08:00,1,12
style.css,233,css,00000000,Not Committed Yet,2025-11-22,21:35:05,-08:00,2025-11-22T21:35:05-08:00,1,30
style.css,234,css,00000000,Not Committed Yet,2025-11-22,21:35:05,-08:00,2025-11-22T21:35:05-08:00,1,13
style.css,235,css,00000000,Not Committed Yet,2025-11-22,21:35:05,-08:00,2025-11-22T21:35:05-08:00,1,12
style.css,236,css,00000000,Not Committed Yet,2025-11-22,21:35:05,-08:00,2025-11-22T21:35:05-08:00,0,0
style.css,237,css,00000000,Not Committed Yet,2025-11-22,21:35:05,-08:00,2025-11-22T21:35:05-08:00,0,0
style.css,238,css,00000000,Not Committed Yet,2025-11-22,21:35:05,-08:00,2025-11-22T21:35:05-08:00,0,9
style.css,239,css,00000000,Not Committed Yet,2025-11-22,21:35:05,-08:00,2025-11-22T21:35:05-08:00,1,16
style.css,240,css,00000000,Not Committed Yet,2025-11-22,21:35:05,-08:00,2025-11-22T21:35:05-08:00,1,25
style.css,241,css,00000000,Not Committed Yet,2025-11-22,21:35:05,-08:00,2025-11-22T21:35:05-08:00,0,0
style.css,242,css,00000000,Not Committed Yet,2025-11-22,21:35:05,-08:00,2025-11-22T21:35:05-08:00,0,0
style.css,243,css,00000000,Not Committed Yet,2025-11-22,21:35:05,-08:00,2025-11-22T21:35:05-08:00,0,9
style.css,244,css,00000000,Not Committed Yet,2025-11-22,21:35:05,-08:00,2025-11-22T21:35:05-08:00,1,8
style.css,245,css,00000000,Not Committed Yet,2025-11-22,21:35:05,-08:00,2025-11-22T21:35:05-08:00,0,0
style.css,246,css,00000000,Not Committed Yet,2025-11-22,21:35:05,-08:00,2025-11-22T21:35:05-08:00,0,0
style.css,247,css,00000000,Not Committed Yet,2025-11-22,21:35:05,-08:00,2025-11-22T21:35:05-08:00,0,19
style.css,248,css,00000000,Not Committed Yet,2025-11-22,21:35:05,-08:00,2025-11-22T21:35:05-08:00,0,7
style.css,249,css,00000000,Not Committed Yet,2025-11-22,21:35:05,-08:00,2025-11-22T21:35:05-08:00,1,12
style.css,250,css,00000000,Not Committed Yet,2025-11-22,21:35:05,-08:00,2025-11-22T21:35:05-08:00,1,30
style.css,251,css,00000000,Not Committed Yet,2025-11-22,21:35:05,-08:00,2025-11-22T21:35:05-08:00,1,13
style.css,252,css,00000000,Not Committed Yet,2025-11-22,21:35:05,-08:00,2025-11-22T21:35:05-08:00,1,8
style.css,253,css,00000000,Not Committed Yet,2025-11-22,21:35:05,-08:00,2025-11-22T21:35:05-08:00,0,0
style.css,254,css,00000000,Not Committed Yet,2025-11-22,21:35:05,-08:00,2025-11-22T21:35:05-08:00,0,0
style.css,255,css,00000000,Not Committed Yet,2025-11-22,21:35:05,-08:00,2025-11-22T21:35:05-08:00,0,10
style.css,256,css,00000000,Not Committed Yet,2025-11-22,21:35:05,-08:00,2025-11-22T21:35:05-08:00,1,16
style.css,257,css,00000000,Not Committed Yet,2025-11-22,21:35:05,-08:00,2025-11-22T21:35:05-08:00,1,11
style.css,258,css,00000000,Not Committed Yet,2025-11-22,21:35:05,-08:00,2025-11-22T21:35:05-08:00,0,0
style.css,259,css,00000000,Not Committed Yet,2025-11-22,21:35:05,-08:00,2025-11-22T21:35:05-08:00,0,0
style.css,260,css,00000000,Not Committed Yet,2025-11-22,21:35:05,-08:00,2025-11-22T21:35:05-08:00,0,10
style.css,261,css,00000000,Not Committed Yet,2025-11-22,21:35:05,-08:00,2025-11-22T21:35:05-08:00,1,8
style.css,262,css,00000000,Not Committed Yet,2025-11-22,21:35:05,-08:00,2025-11-22T21:35:05-08:00,0,0
style.css,263,css,00000000,Not Committed Yet,2025-11-22,21:35:05,-08:00,2025-11-22T21:35:05-08:00,0,0
style.css,264,css,00000000,Not Committed Yet,2025-11-22,21:35:05,-08:00,2025-11-22T21:35:05-08:00,0,8
style.css,265,css,00000000,Not Committed Yet,2025-11-22,21:35:05,-08:00,2025-11-22T21:35:05-08:00,1,14
style.css,266,css,00000000,Not Committed Yet,2025-11-22,21:35:05,-08:00,2025-11-22T21:35:05-08:00,1,42
style.css,267,css,00000000,Not Committed Yet,2025-11-22,21:35:05,-08:00,2025-11-22T21:35:05-08:00,1,26
style.css,268,css,00000000,Not Committed Yet,2025-11-22,21:35:05,-08:00,2025-11-22T21:35:05-08:00,1,11
style.css,269,css,00000000,Not Committed Yet,2025-11-22,21:35:05,-08:00,2025-11-22T21:35:05-08:00,1,19
style.css,270,css,00000000,Not Committed Yet,2025-11-22,21:35:05,-08:00,2025-11-22T21:35:05-08:00,1,41
style.css,271,css,00000000,Not Committed Yet,2025-11-22,21:35:05,-08:00,2025-11-22T21:35:05-08:00,1,12
style.css,272,css,00000000,Not Committed Yet,2025-11-22,21:35:05,-08:00,2025-11-22T21:35:05-08:00,1,19
style.css,273,css,00000000,Not Committed Yet,2025-11-22,21:35:05,-08:00,2025-11-22T21:35:05-08:00,1,25
style.css,274,css,00000000,Not Committed Yet,2025-11-22,21:35:05,-08:00,2025-11-22T21:35:05-08:00,1,39
style.css,275,css,00000000,Not Committed Yet,2025-11-22,21:35:05,-08:00,2025-11-22T21:35:05-08:00,0,0
style.css,276,css,00000000,Not Committed Yet,2025-11-22,21:35:05,-08:00,2025-11-22T21:35:05-08:00,0,0
style.css,277,css,00000000,Not Committed Yet,2025-11-22,21:35:05,-08:00,2025-11-22T21:35:05-08:00,0,43
style.css,278,css,00000000,Not Committed Yet,2025-11-22,21:35:05,-08:00,2025-11-22T21:35:05-08:00,1,9
style.css,279,css,00000000,Not Committed Yet,2025-11-22,21:35:05,-08:00,2025-11-22T21:35:05-08:00,1,17
style.css,280,css,00000000,Not Committed Yet,2025-11-22,21:35:05,-08:00,2025-11-22T21:35:05-08:00,0,0
style.css,281,css,00000000,Not Committed Yet,2025-11-22,21:35:05,-08:00,2025-11-22T21:35:05-08:00,0,0
style.css,282,css,00000000,Not Committed Yet,2025-11-22,21:35:05,-08:00,2025-11-22T21:35:05-08:00,0,22
style.css,283,css,00000000,Not Committed Yet,2025-11-22,21:35:05,-08:00,2025-11-22T21:35:05-08:00,0,6
style.css,284,css,00000000,Not Committed Yet,2025-11-22,21:35:05,-08:00,2025-11-22T21:35:05-08:00,1,12
style.css,285,css,00000000,Not Committed Yet,2025-11-22,21:35:05,-08:00,2025-11-22T21:35:05-08:00,1,15
style.css,286,css,00000000,Not Committed Yet,2025-11-22,21:35:05,-08:00,2025-11-22T21:35:05-08:00,0,0
style.css,287,css,00000000,Not Committed Yet,2025-11-22,21:35:05,-08:00,2025-11-22T21:35:05-08:00,0,0
style.css,288,css,00000000,Not Committed Yet,2025-11-22,21:35:05,-08:00,2025-11-22T21:35:05-08:00,0,15
style.css,289,css,00000000,Not Committed Yet,2025-11-22,21:35:05,-08:00,2025-11-22T21:35:05-08:00,1,59
style.css,290,css,00000000,Not Committed Yet,2025-11-22,21:35:05,-08:00,2025-11-22T21:35:05-08:00,1,14
style.css,291,css,00000000,Not Committed Yet,2025-11-22,21:35:05,-08:00,2025-11-22T21:35:05-08:00,0,0
style.css,292,css,00000000,Not Committed Yet,2025-11-22,21:35:05,-08:00,2025-11-22T21:35:05-08:00,0,0
style.css,293,css,00000000,Not Committed Yet,2025-11-22,21:35:05,-08:00,2025-11-22T21:35:05-08:00,0,15
style.css,294,css,00000000,Not Committed Yet,2025-11-22,21:35:05,-08:00,2025-11-22T21:35:05-08:00,1,14
style.css,295,css,00000000,Not Committed Yet,2025-11-22,21:35:05,-08:00,2025-11-22T21:35:05-08:00,0,0
style.css,296,css,00000000,Not Committed Yet,2025-11-22,21:35:05,-08:00,2025-11-22T21:35:05-08:00,0,0
style.css,297,css,00000000,Not Committed Yet,2025-11-22,21:35:05,-08:00,2025-11-22T21:35:05-08:00,0,6
style.css,298,css,00000000,Not Committed Yet,2025-11-22,21:35:05,-08:00,2025-11-22T21:35:05-08:00,1,16
style.css,299,css,00000000,Not Committed Yet,2025-11-22,21:35:05,-08:00,2025-11-22T21:35:05-08:00,1,23
style.css,300,css,00000000,Not Committed Yet,2025-11-22,21:35:05,-08:00,2025-11-22T21:35:05-08:00,1,22
style.css,301,css,00000000,Not Committed Yet,2025-11-22,21:35:05,-08:00,2025-11-22T21:35:05-08:00,0,0
style.css,302,css,00000000,Not Committed Yet,2025-11-22,21:35:05,-08:00,2025-11-22T21:35:05-08:00,0,0
style.css,303,css,00000000,Not Committed Yet,2025-11-22,21:35:05,-08:00,2025-11-22T21:35:05-08:00,0,12
style.css,304,css,00000000,Not Committed Yet,2025-11-22,21:35:05,-08:00,2025-11-22T21:35:05-08:00,1,20
style.css,305,css,00000000,Not Committed Yet,2025-11-22,21:35:05,-08:00,2025-11-22T21:35:05-08:00,0,0
style.css,306,css,00000000,Not Committed Yet,2025-11-22,21:35:05,-08:00,2025-11-22T21:35:05-08:00,0,0
style.css,307,css,00000000,Not Committed Yet,2025-11-22,21:35:05,-08:00,2025-11-22T21:35:05-08:00,0,15
style.css,308,css,00000000,Not Committed Yet,2025-11-22,21:35:05,-08:00,2025-11-22T21:35:05-08:00,1,12
style.css,309,css,00000000,Not Committed Yet,2025-11-22,21:35:05,-08:00,2025-11-22T21:35:05-08:00,0,0
style.css,310,css,00000000,Not Committed Yet,2025-11-22,21:35:05,-08:00,2025-11-22T21:35:05-08:00,0,0
style.css,311,css,00000000,Not Committed Yet,2025-11-22,21:35:05,-08:00,2025-11-22T21:35:05-08:00,0,27
style.css,312,css,00000000,Not Committed Yet,2025-11-22,21:35:05,-08:00,2025-11-22T21:35:05-08:00,0,24
style.css,313,css,00000000,Not Committed Yet,2025-11-22,21:35:05,-08:00,2025-11-22T21:35:05-08:00,1,2
style.css,314,css,00000000,Not Committed Yet,2025-11-22,21:35:05,-08:00,2025-11-22T21:35:05-08:00,2,20
style.css,315,css,00000000,Not Committed Yet,2025-11-22,21:35:05,-08:00,2025-11-22T21:35:05-08:00,1,0
style.css,316,css,00000000,Not Committed Yet,2025-11-22,21:35:05,-08:00,2025-11-22T21:35:05-08:00,0,0
style.css,317,css,00000000,Not Committed Yet,2025-11-22,21:35:05,-08:00,2025-11-22T21:35:05-08:00,0,0
style.css,318,css,00000000,Not Committed Yet,2025-11-22,21:35:05,-08:00,2025-11-22T21:35:05-08:00,0,10
style.css,319,css,00000000,Not Committed Yet,2025-11-22,21:35:05,-08:00,2025-11-22T21:35:05-08:00,1,16
style.css,320,css,00000000,Not Committed Yet,2025-11-22,21:35:05,-08:00,2025-11-22T21:35:05-08:00,1,12
style.css,321,css,00000000,Not Committed Yet,2025-11-22,21:35:05,-08:00,2025-11-22T21:35:05-08:00,1,18
style.css,322,css,00000000,Not Committed Yet,2025-11-22,21:35:05,-08:00,2025-11-22T21:35:05-08:00,1,20
style.css,323,css,00000000,Not Committed Yet,2025-11-22,21:35:05,-08:00,2025-11-22T21:35:05-08:00,1,42
style.css,324,css,00000000,Not Committed Yet,2025-11-22,21:35:05,-08:00,2025-11-22T21:35:05-08:00,0,0
style.css,325,css,00000000,Not Committed Yet,2025-11-22,21:35:05,-08:00,2025-11-22T21:35:05-08:00,0,0
style.css,326,css,00000000,Not Committed Yet,2025-11-22,21:35:05,-08:00,2025-11-22T21:35:05-08:00,0,19
style.css,327,css,00000000,Not Committed Yet,2025-11-22,21:35:05,-08:00,2025-11-22T21:35:05-08:00,0,16
style.css,328,css,00000000,Not Committed Yet,2025-11-22,21:35:05,-08:00,2025-11-22T21:35:05-08:00,1,12
style.css,329,css,00000000,Not Committed Yet,2025-11-22,21:35:05,-08:00,2025-11-22T21:35:05-08:00,1,16
style.css,330,css,00000000,Not Committed Yet,2025-11-22,21:35:05,-08:00,2025-11-22T21:35:05-08:00,1,25
style.css,331,css,00000000,Not Committed Yet,2025-11-22,21:35:05,-08:00,2025-11-22T21:35:05-08:00,0,0
index.js,1,js,0e3b7ca4,Shaanb2000,2025-11-22,15:36:35,-08:00,2025-11-22T15:36:35-08:00,0,92
index.js,2,js,301c8e85,Shaanb2000,2025-11-05,11:12:51,-08:00,2025-11-05T11:12:51-08:00,0,0
index.js,3,js,77f9c0eb,Shaanb2000,2025-11-22,15:50:54,-08:00,2025-11-22T15:50:54-08:00,0,46
index.js,4,js,204608c2,Shaanb2000,2025-11-21,23:19:52,-08:00,2025-11-21T23:19:52-08:00,0,0
index.js,5,js,77f9c0eb,Shaanb2000,2025-11-22,15:50:54,-08:00,2025-11-22T15:50:54-08:00,0,3
index.js,6,js,77f9c0eb,Shaanb2000,2025-11-22,15:50:54,-08:00,2025-11-22T15:50:54-08:00,1,19
index.js,7,js,77f9c0eb,Shaanb2000,2025-11-22,15:50:54,-08:00,2025-11-22T15:50:54-08:00,1,54
index.js,8,js,db71a53b,Shaanb2000,2025-11-21,23:09:06,-08:00,2025-11-21T23:09:06-08:00,0,0
index.js,9,js,77f9c0eb,Shaanb2000,2025-11-22,15:50:54,-08:00,2025-11-22T15:50:54-08:00,1,28
index.js,10,js,77f9c0eb,Shaanb2000,2025-11-22,15:50:54,-08:00,2025-11-22T15:50:54-08:00,1,42
index.js,11,js,db71a53b,Shaanb2000,2025-11-21,23:09:06,-08:00,2025-11-21T23:09:06-08:00,0,0
index.js,12,js,77f9c0eb,Shaanb2000,2025-11-22,15:50:54,-08:00,2025-11-22T15:50:54-08:00,1,58
index.js,13,js,77f9c0eb,Shaanb2000,2025-11-22,15:50:54,-08:00,2025-11-22T15:50:54-08:00,1,60
index.js,14,js,301c8e85,Shaanb2000,2025-11-05,11:12:51,-08:00,2025-11-05T11:12:51-08:00,0,0
index.js,15,js,77f9c0eb,Shaanb2000,2025-11-22,15:50:54,-08:00,2025-11-22T15:50:54-08:00,1,29
index.js,16,js,77f9c0eb,Shaanb2000,2025-11-22,15:50:54,-08:00,2025-11-22T15:50:54-08:00,1,22
index.js,17,js,77f9c0eb,Shaanb2000,2025-11-22,15:50:54,-08:00,2025-11-22T15:50:54-08:00,2,48
index.js,18,js,77f9c0eb,Shaanb2000,2025-11-22,15:50:54,-08:00,2025-11-22T15:50:54-08:00,3,54
index.js,19,js,77f9c0eb,Shaanb2000,2025-11-22,15:50:54,-08:00,2025-11-22T15:50:54-08:00,2,6
index.js,20,js,77f9c0eb,Shaanb2000,2025-11-22,15:50:54,-08:00,2025-11-22T15:50:54-08:00,3,150
index.js,21,js,77f9c0eb,Shaanb2000,2025-11-22,15:50:54,-08:00,2025-11-22T15:50:54-08:00,2,0
index.js,22,js,77f9c0eb,Shaanb2000,2025-11-22,15:50:54,-08:00,2025-11-22T15:50:54-08:00,1,0
index.js,23,js,b52d7f32,Shaanb2000,2025-11-21,23:01:50,-08:00,2025-11-21T23:01:50-08:00,0,0
index.js,24,js,77f9c0eb,Shaanb2000,2025-11-22,15:50:54,-08:00,2025-11-22T15:50:54-08:00,1,18
index.js,25,js,77f9c0eb,Shaanb2000,2025-11-22,15:50:54,-08:00,2025-11-22T15:50:54-08:00,1,53
index.js,26,js,301c8e85,Shaanb2000,2025-11-05,11:12:51,-08:00,2025-11-05T11:12:51-08:00,0,0
index.js,27,js,77f9c0eb,Shaanb2000,2025-11-22,15:50:54,-08:00,2025-11-22T15:50:54-08:00,1,60
index.js,28,js,77f9c0eb,Shaanb2000,2025-11-22,15:50:54,-08:00,2025-11-22T15:50:54-08:00,0,0
index.js,29,js,77f9c0eb,Shaanb2000,2025-11-22,15:50:54,-08:00,2025-11-22T15:50:54-08:00,1,69
index.js,30,js,0e3b7ca4,Shaanb2000,2025-11-22,15:36:35,-08:00,2025-11-22T15:36:35-08:00,2,24
index.js,31,js,0e3b7ca4,Shaanb2000,2025-11-22,15:36:35,-08:00,2025-11-22T15:36:35-08:00,5,2
index.js,32,js,de359569,Shaanb2000,2025-11-22,15:45:20,-08:00,2025-11-22T15:45:20-08:00,6,60
index.js,33,js,de359569,Shaanb2000,2025-11-22,15:45:20,-08:00,2025-11-22T15:45:20-08:00,6,60
index.js,34,js,de359569,Shaanb2000,2025-11-22,15:45:20,-08:00,2025-11-22T15:45:20-08:00,6,54
index.js,35,js,de359569,Shaanb2000,2025-11-22,15:45:20,-08:00,2025-11-22T15:45:20-08:00,6,54
index.js,36,js,0e3b7ca4,Shaanb2000,2025-11-22,15:36:35,-08:00,2025-11-22T15:36:35-08:00,5,3
index.js,37,js,0e3b7ca4,Shaanb2000,2025-11-22,15:36:35,-08:00,2025-11-22T15:36:35-08:00,3,0
index.js,38,js,77f9c0eb,Shaanb2000,2025-11-22,15:50:54,-08:00,2025-11-22T15:50:54-08:00,1,25
index.js,39,js,de359569,Shaanb2000,2025-11-22,15:45:20,-08:00,2025-11-22T15:45:20-08:00,2,66
index.js,40,js,77f9c0eb,Shaanb2000,2025-11-22,15:50:54,-08:00,2025-11-22T15:50:54-08:00,1,63
index.js,41,js,77f9c0eb,Shaanb2000,2025-11-22,15:50:54,-08:00,2025-11-22T15:50:54-08:00,2,71
index.js,42,js,77f9c0eb,Shaanb2000,2025-11-22,15:50:54,-08:00,2025-11-22T15:50:54-08:00,2,17
index.js,43,js,77f9c0eb,Shaanb2000,2025-11-22,15:50:54,-08:00,2025-11-22T15:50:54-08:00,3,147
index.js,44,js,77f9c0eb,Shaanb2000,2025-11-22,15:50:54,-08:00,2025-11-22T15:50:54-08:00,2,0
index.js,45,js,77f9c0eb,Shaanb2000,2025-11-22,15:50:54,-08:00,2025-11-22T15:50:54-08:00,1,0
index.js,46,js,77f9c0eb,Shaanb2000,2025-11-22,15:50:54,-08:00,2025-11-22T15:50:54-08:00,0,15
index.js,47,js,77f9c0eb,Shaanb2000,2025-11-22,15:50:54,-08:00,2025-11-22T15:50:54-08:00,1,41
index.js,48,js,77f9c0eb,Shaanb2000,2025-11-22,15:50:54,-08:00,2025-11-22T15:50:54-08:00,1,19
index.js,49,js,77f9c0eb,Shaanb2000,2025-11-22,15:50:54,-08:00,2025-11-22T15:50:54-08:00,1,60
index.js,50,js,77f9c0eb,Shaanb2000,2025-11-22,15:50:54,-08:00,2025-11-22T15:50:54-08:00,1,22
index.js,51,js,77f9c0eb,Shaanb2000,2025-11-22,15:50:54,-08:00,2025-11-22T15:50:54-08:00,2,148
index.js,52,js,77f9c0eb,Shaanb2000,2025-11-22,15:50:54,-08:00,2025-11-22T15:50:54-08:00,1,0
index.js,53,js,77f9c0eb,Shaanb2000,2025-11-22,15:50:54,-08:00,2025-11-22T15:50:54-08:00,1,60
index.js,54,js,77f9c0eb,Shaanb2000,2025-11-22,15:50:54,-08:00,2025-11-22T15:50:54-08:00,1,17
index.js,55,js,77f9c0eb,Shaanb2000,2025-11-22,15:50:54,-08:00,2025-11-22T15:50:54-08:00,2,147
index.js,56,js,77f9c0eb,Shaanb2000,2025-11-22,15:50:54,-08:00,2025-11-22T15:50:54-08:00,1,0
index.js,57,js,b52d7f32,Shaanb2000,2025-11-21,23:01:50,-08:00,2025-11-21T23:01:50-08:00,0,0
index.html,1,html,c857ebf8,Shaanb2000,2025-10-18,21:55:41,-07:00,2025-10-18T21:55:41-07:00,0,13
index.html,2,html,c857ebf8,Shaanb2000,2025-10-18,21:55:41,-07:00,2025-10-18T21:55:41-07:00,0,14
index.html,3,html,c857ebf8,Shaanb2000,2025-10-18,21:55:41,-07:00,2025-10-18T21:55:41-07:00,0,4
index.html,4,html,c857ebf8,Shaanb2000,2025-10-18,21:55:41,-07:00,2025-10-18T21:55:41-07:00,1,22
index.html,5,html,c857ebf8,Shaanb2000,2025-10-18,21:55:41,-07:00,2025-10-18T21:55:41-07:00,1,67
index.html,6,html,c857ebf8,Shaanb2000,2025-10-18,21:55:41,-07:00,2025-10-18T21:55:41-07:00,1,54
index.html,7,html,c857ebf8,Shaanb2000,2025-10-18,21:55:41,-07:00,2025-10-18T21:55:41-07:00,1,38
index.html,8,html,c857ebf8,Shaanb2000,2025-10-18,21:55:41,-07:00,2025-10-18T21:55:41-07:00,0,5
index.html,9,html,c857ebf8,Shaanb2000,2025-10-18,21:55:41,-07:00,2025-10-18T21:55:41-07:00,0,4
index.html,10,html,c857ebf8,Shaanb2000,2025-10-18,21:55:41,-07:00,2025-10-18T21:55:41-07:00,1,6
index.html,11,html,c857ebf8,Shaanb2000,2025-10-18,21:55:41,-07:00,2025-10-18T21:55:41-07:00,2,19
index.html,12,html,ec01cc60,Shaanb2000,2025-10-18,23:30:22,-07:00,2025-10-18T23:30:22-07:00,2,1
index.html,13,html,ec01cc60,Shaanb2000,2025-10-18,23:30:22,-07:00,2025-10-18T23:30:22-07:00,3,80
index.html,14,html,ec01cc60,Shaanb2000,2025-10-18,23:30:22,-07:00,2025-10-18T23:30:22-07:00,3,55
index.html,15,html,ec01cc60,Shaanb2000,2025-10-18,23:30:22,-07:00,2025-10-18T23:30:22-07:00,2,2
index.html,16,html,ec01cc60,Shaanb2000,2025-10-18,23:30:22,-07:00,2025-10-18T23:30:22-07:00,2,2
index.html,17,html,ec01cc60,Shaanb2000,2025-10-18,23:30:22,-07:00,2025-10-18T23:30:22-07:00,3,17
index.html,18,html,ec01cc60,Shaanb2000,2025-10-18,23:30:22,-07:00,2025-10-18T23:30:22-07:00,3,28
index.html,19,html,ec01cc60,Shaanb2000,2025-10-18,23:30:22,-07:00,2025-10-18T23:30:22-07:00,3,9
index.html,20,html,ec01cc60,Shaanb2000,2025-10-18,23:30:22,-07:00,2025-10-18T23:30:22-07:00,3,11
index.html,21,html,ec01cc60,Shaanb2000,2025-10-18,23:30:22,-07:00,2025-10-18T23:30:22-07:00,2,0
index.html,22,html,c857ebf8,Shaanb2000,2025-10-18,21:55:41,-07:00,2025-10-18T21:55:41-07:00,1,7
index.html,23,html,ec01cc60,Shaanb2000,2025-10-18,23:30:22,-07:00,2025-10-18T23:30:22-07:00,0,0
index.html,24,html,ec01cc60,Shaanb2000,2025-10-18,23:30:22,-07:00,2025-10-18T23:30:22-07:00,0,0
index.html,25,html,c857ebf8,Shaanb2000,2025-10-18,21:55:41,-07:00,2025-10-18T21:55:41-07:00,1,4
index.html,26,html,c857ebf8,Shaanb2000,2025-10-18,21:55:41,-07:00,2025-10-18T21:55:41-07:00,2,7
index.html,27,html,ec01cc60,Shaanb2000,2025-10-18,23:30:22,-07:00,2025-10-18T23:30:22-07:00,3,15
index.html,28,html,ec01cc60,Shaanb2000,2025-10-18,23:30:22,-07:00,2025-10-18T23:30:22-07:00,3,1
index.html,29,html,ec01cc60,Shaanb2000,2025-10-18,23:30:22,-07:00,2025-10-18T23:30:22-07:00,4,72
index.html,30,html,ec01cc60,Shaanb2000,2025-10-18,23:30:22,-07:00,2025-10-18T23:30:22-07:00,4,55
index.html,31,html,ec01cc60,Shaanb2000,2025-10-18,23:30:22,-07:00,2025-10-18T23:30:22-07:00,4,76
index.html,32,html,ec01cc60,Shaanb2000,2025-10-18,23:30:22,-07:00,2025-10-18T23:30:22-07:00,4,36
index.html,33,html,ec01cc60,Shaanb2000,2025-10-18,23:30:22,-07:00,2025-10-18T23:30:22-07:00,3,2
index.html,34,html,ec01cc60,Shaanb2000,2025-10-18,23:30:22,-07:00,2025-10-18T23:30:22-07:00,3,1
index.html,35,html,87d99237,Shaanb2000,2025-11-21,14:49:30,-08:00,2025-11-21T14:49:30-08:00,4,77
index.html,36,html,87d99237,Shaanb2000,2025-11-21,14:49:30,-08:00,2025-11-21T14:49:30-08:00,4,79
index.html,37,html,87d99237,Shaanb2000,2025-11-21,14:49:30,-08:00,2025-11-21T14:49:30-08:00,4,62
index.html,38,html,ec01cc60,Shaanb2000,2025-10-18,23:30:22,-07:00,2025-10-18T23:30:22-07:00,3,2
index.html,39,html,ec01cc60,Shaanb2000,2025-10-18,23:30:22,-07:00,2025-10-18T23:30:22-07:00,2,8
index.html,40,html,ec01cc60,Shaanb2000,2025-10-18,23:30:22,-07:00,2025-10-18T23:30:22-07:00,0,0
index.html,41,html,ec01cc60,Shaanb2000,2025-10-18,23:30:22,-07:00,2025-10-18T23:30:22-07:00,2,7
index.html,42,html,ec01cc60,Shaanb2000,2025-10-18,23:30:22,-07:00,2025-10-18T23:30:22-07:00,3,16
index.html,43,html,ec01cc60,Shaanb2000,2025-10-18,23:30:22,-07:00,2025-10-18T23:30:22-07:00,3,2
index.html,44,html,ec01cc60,Shaanb2000,2025-10-18,23:30:22,-07:00,2025-10-18T23:30:22-07:00,4,133
index.html,45,html,ec01cc60,Shaanb2000,2025-10-18,23:30:22,-07:00,2025-10-18T23:30:22-07:00,4,113
index.html,46,html,ec01cc60,Shaanb2000,2025-10-18,23:30:22,-07:00,2025-10-18T23:30:22-07:00,4,126
index.html,47,html,ec01cc60,Shaanb2000,2025-10-18,23:30:22,-07:00,2025-10-18T23:30:22-07:00,4,123
index.html,48,html,ec01cc60,Shaanb2000,2025-10-18,23:30:22,-07:00,2025-10-18T23:30:22-07:00,3,3
index.html,49,html,ec01cc60,Shaanb2000,2025-10-18,23:30:22,-07:00,2025-10-18T23:30:22-07:00,2,8
index.html,50,html,ec01cc60,Shaanb2000,2025-10-18,23:30:22,-07:00,2025-10-18T23:30:22-07:00,0,0
index.html,51,html,ec01cc60,Shaanb2000,2025-10-18,23:30:22,-07:00,2025-10-18T23:30:22-07:00,2,7
index.html,52,html,ec01cc60,Shaanb2000,2025-10-18,23:30:22,-07:00,2025-10-18T23:30:22-07:00,3,24
index.html,53,html,ec01cc60,Shaanb2000,2025-10-18,23:30:22,-07:00,2025-10-18T23:30:22-07:00,3,1
index.html,54,html,301c8e85,Shaanb2000,2025-11-05,11:12:51,-08:00,2025-11-05T11:12:51-08:00,4,86
index.html,55,html,ec01cc60,Shaanb2000,2025-10-18,23:30:22,-07:00,2025-10-18T23:30:22-07:00,4,97
index.html,56,html,ec01cc60,Shaanb2000,2025-10-18,23:30:22,-07:00,2025-10-18T23:30:22-07:00,3,2
index.html,57,html,ec01cc60,Shaanb2000,2025-10-18,23:30:22,-07:00,2025-10-18T23:30:22-07:00,3,1
index.html,58,html,ec01cc60,Shaanb2000,2025-10-18,23:30:22,-07:00,2025-10-18T23:30:22-07:00,4,149
index.html,59,html,ec01cc60,Shaanb2000,2025-10-18,23:30:22,-07:00,2025-10-18T23:30:22-07:00,3,2
index.html,60,html,c857ebf8,Shaanb2000,2025-10-18,21:55:41,-07:00,2025-10-18T21:55:41-07:00,2,8
index.html,61,html,301c8e85,Shaanb2000,2025-11-05,11:12:51,-08:00,2025-11-05T11:12:51-08:00,0,0
index.html,62,html,301c8e85,Shaanb2000,2025-11-05,11:12:51,-08:00,2025-11-05T11:12:51-08:00,2,7
index.html,63,html,301c8e85,Shaanb2000,2025-11-05,11:12:51,-08:00,2025-11-05T11:12:51-08:00,3,22
index.html,64,html,301c8e85,Shaanb2000,2025-11-05,11:12:51,-08:00,2025-11-05T11:12:51-08:00,3,26
index.html,65,html,301c8e85,Shaanb2000,2025-11-05,11:12:51,-08:00,2025-11-05T11:12:51-08:00,2,8
index.html,66,html,301c8e85,Shaanb2000,2025-11-05,11:12:51,-08:00,2025-11-05T11:12:51-08:00,0,0
index.html,67,html,87d99237,Shaanb2000,2025-11-21,14:49:30,-08:00,2025-11-21T14:49:30-08:00,2,7
index.html,68,html,87d99237,Shaanb2000,2025-11-21,14:49:30,-08:00,2025-11-21T14:49:30-08:00,3,22
index.html,69,html,87d99237,Shaanb2000,2025-11-21,14:49:30,-08:00,2025-11-21T14:49:30-08:00,3,28
index.html,70,html,87d99237,Shaanb2000,2025-11-21,14:49:30,-08:00,2025-11-21T14:49:30-08:00,2,8
index.html,71,html,c857ebf8,Shaanb2000,2025-10-18,21:55:41,-07:00,2025-10-18T21:55:41-07:00,1,5
index.html,72,html,ec01cc60,Shaanb2000,2025-10-18,23:30:22,-07:00,2025-10-18T23:30:22-07:00,0,0
index.html,73,html,c857ebf8,Shaanb2000,2025-10-18,21:55:41,-07:00,2025-10-18T21:55:41-07:00,1,6
index.html,74,html,ec01cc60,Shaanb2000,2025-10-18,23:30:22,-07:00,2025-10-18T23:30:22-07:00,2,50
index.html,75,html,c857ebf8,Shaanb2000,2025-10-18,21:55:41,-07:00,2025-10-18T21:55:41-07:00,1,7
index.html,76,html,511c90ba,Shaanb2000,2025-10-24,16:10:17,-07:00,2025-10-24T16:10:17-07:00,1,45
index.html,77,html,77f9c0eb,Shaanb2000,2025-11-22,15:50:54,-08:00,2025-11-22T15:50:54-08:00,1,44
index.html,78,html,0e3b7ca4,Shaanb2000,2025-11-22,15:36:35,-08:00,2025-11-22T15:36:35-08:00,0,0
index.html,79,html,204608c2,Shaanb2000,2025-11-21,23:19:52,-08:00,2025-11-21T23:19:52-08:00,0,0
index.html,80,html,c857ebf8,Shaanb2000,2025-10-18,21:55:41,-07:00,2025-10-18T21:55:41-07:00,0,5
index.html,81,html,c857ebf8,Shaanb2000,2025-10-18,21:55:41,-07:00,2025-10-18T21:55:41-07:00,0,5
global.js,1,js,511c90ba,Shaanb2000,2025-10-24,16:10:17,-07:00,2025-10-24T16:10:17-07:00,0,34
global.js,2,js,511c90ba,Shaanb2000,2025-10-24,16:10:17,-07:00,2025-10-24T16:10:17-07:00,0,51
global.js,3,js,511c90ba,Shaanb2000,2025-10-24,16:10:17,-07:00,2025-10-24T16:10:17-07:00,0,0
global.js,4,js,511c90ba,Shaanb2000,2025-10-24,16:10:17,-07:00,2025-10-24T16:10:17-07:00,0,34
global.js,5,js,eccc15f7,Shaanb2000,2025-10-24,16:24:12,-07:00,2025-10-24T16:24:12-07:00,0,41
global.js,6,js,eccc15f7,Shaanb2000,2025-10-24,16:24:12,-07:00,2025-10-24T16:24:12-07:00,1,52
global.js,7,js,511c90ba,Shaanb2000,2025-10-24,16:10:17,-07:00,2025-10-24T16:10:17-07:00,0,0
global.js,8,js,511c90ba,Shaanb2000,2025-10-24,16:10:17,-07:00,2025-10-24T16:10:17-07:00,0,0
global.js,9,js,cf050f1f,Shaanb2000,2025-11-05,11:36:30,-08:00,2025-11-05T11:36:30-08:00,0,74
global.js,10,js,cf050f1f,Shaanb2000,2025-11-05,11:36:30,-08:00,2025-11-05T11:36:30-08:00,0,40
global.js,11,js,cf050f1f,Shaanb2000,2025-11-05,11:36:30,-08:00,2025-11-05T11:36:30-08:00,1,37
global.js,12,js,cf050f1f,Shaanb2000,2025-11-05,11:36:30,-08:00,2025-11-05T11:36:30-08:00,0,0
global.js,13,js,cf050f1f,Shaanb2000,2025-11-05,11:36:30,-08:00,2025-11-05T11:36:30-08:00,0,0
global.js,14,js,511c90ba,Shaanb2000,2025-10-24,16:10:17,-07:00,2025-10-24T16:10:17-07:00,0,36
global.js,15,js,511c90ba,Shaanb2000,2025-10-24,16:10:17,-07:00,2025-10-24T16:10:17-07:00,0,25
global.js,16,js,511c90ba,Shaanb2000,2025-10-24,16:10:17,-07:00,2025-10-24T16:10:17-07:00,0,0
global.js,17,js,511c90ba,Shaanb2000,2025-10-24,16:10:17,-07:00,2025-10-24T16:10:17-07:00,0,46
global.js,18,js,511c90ba,Shaanb2000,2025-10-24,16:10:17,-07:00,2025-10-24T16:10:17-07:00,0,22
global.js,19,js,511c90ba,Shaanb2000,2025-10-24,16:10:17,-07:00,2025-10-24T16:10:17-07:00,1,36
global.js,20,js,00000000,Not Committed Yet,2025-11-22,21:35:05,-08:00,2025-11-22T21:35:05-08:00,1,143
global.js,21,js,511c90ba,Shaanb2000,2025-10-24,16:10:17,-07:00,2025-10-24T16:10:17-07:00,2,11
global.js,22,js,511c90ba,Shaanb2000,2025-10-24,16:10:17,-07:00,2025-10-24T16:10:17-07:00,1,0
global.js,23,js,511c90ba,Shaanb2000,2025-10-24,16:10:17,-07:00,2025-10-24T16:10:17-07:00,1,8
global.js,24,js,511c90ba,Shaanb2000,2025-10-24,16:10:17,-07:00,2025-10-24T16:10:17-07:00,0,0
global.js,25,js,511c90ba,Shaanb2000,2025-10-24,16:10:17,-07:00,2025-10-24T16:10:17-07:00,0,0
global.js,26,js,a6d49a7a,Shaanb2000,2025-10-24,16:32:16,-07:00,2025-10-24T16:32:16-07:00,0,35
global.js,27,js,a6d49a7a,Shaanb2000,2025-10-24,16:32:16,-07:00,2025-10-24T16:32:16-07:00,0,11
global.js,28,js,9af404dd,Shaanb2000,2025-10-24,16:38:32,-07:00,2025-10-24T16:38:32-07:00,1,35
global.js,29,js,9af404dd,Shaanb2000,2025-10-24,16:38:32,-07:00,2025-10-24T16:38:32-07:00,1,48
global.js,30,js,00000000,Not Committed Yet,2025-11-22,21:35:05,-08:00,2025-11-22T21:35:05-08:00,1,40
global.js,31,js,9af404dd,Shaanb2000,2025-10-24,16:38:32,-07:00,2025-10-24T16:38:32-07:00,1,46
global.js,32,js,9af404dd,Shaanb2000,2025-10-24,16:38:32,-07:00,2025-10-24T16:38:32-07:00,1,44
global.js,33,js,a6d49a7a,Shaanb2000,2025-10-24,16:32:16,-07:00,2025-10-24T16:32:16-07:00,1,55
global.js,34,js,511c90ba,Shaanb2000,2025-10-24,16:10:17,-07:00,2025-10-24T16:10:17-07:00,0,0
global.js,35,js,511c90ba,Shaanb2000,2025-10-24,16:10:17,-07:00,2025-10-24T16:10:17-07:00,0,0
global.js,36,js,a6d49a7a,Shaanb2000,2025-10-24,16:32:16,-07:00,2025-10-24T16:32:16-07:00,0,23
global.js,37,js,a6d49a7a,Shaanb2000,2025-10-24,16:32:16,-07:00,2025-10-24T16:32:16-07:00,0,27
global.js,38,js,a6d49a7a,Shaanb2000,2025-10-24,16:32:16,-07:00,2025-10-24T16:32:16-07:00,1,38
global.js,39,js,a6d49a7a,Shaanb2000,2025-10-24,16:32:16,-07:00,2025-10-24T16:32:16-07:00,1,38
global.js,40,js,a6d49a7a,Shaanb2000,2025-10-24,16:32:16,-07:00,2025-10-24T16:32:16-07:00,1,25
global.js,41,js,a6d49a7a,Shaanb2000,2025-10-24,16:32:16,-07:00,2025-10-24T16:32:16-07:00,1,0
global.js,42,js,9af404dd,Shaanb2000,2025-10-24,16:38:32,-07:00,2025-10-24T16:38:32-07:00,1,31
global.js,43,js,9af404dd,Shaanb2000,2025-10-24,16:38:32,-07:00,2025-10-24T16:38:32-07:00,1,29
global.js,44,js,9af404dd,Shaanb2000,2025-10-24,16:38:32,-07:00,2025-10-24T16:38:32-07:00,1,0
global.js,45,js,a6d49a7a,Shaanb2000,2025-10-24,16:32:16,-07:00,2025-10-24T16:32:16-07:00,1,36
global.js,46,js,a6d49a7a,Shaanb2000,2025-10-24,16:32:16,-07:00,2025-10-24T16:32:16-07:00,1,20
global.js,47,js,a6d49a7a,Shaanb2000,2025-10-24,16:32:16,-07:00,2025-10-24T16:32:16-07:00,2,14
global.js,48,js,a6d49a7a,Shaanb2000,2025-10-24,16:32:16,-07:00,2025-10-24T16:32:16-07:00,2,18
global.js,49,js,511c90ba,Shaanb2000,2025-10-24,16:10:17,-07:00,2025-10-24T16:10:17-07:00,2,0
global.js,50,js,9af404dd,Shaanb2000,2025-10-24,16:38:32,-07:00,2025-10-24T16:38:32-07:00,2,33
global.js,51,js,9af404dd,Shaanb2000,2025-10-24,16:38:32,-07:00,2025-10-24T16:38:32-07:00,2,28
global.js,52,js,9af404dd,Shaanb2000,2025-10-24,16:38:32,-07:00,2025-10-24T16:38:32-07:00,3,19
global.js,53,js,9af404dd,Shaanb2000,2025-10-24,16:38:32,-07:00,2025-10-24T16:38:32-07:00,2,0
global.js,54,js,9af404dd,Shaanb2000,2025-10-24,16:38:32,-07:00,2025-10-24T16:38:32-07:00,2,0
global.js,55,js,a6d49a7a,Shaanb2000,2025-10-24,16:32:16,-07:00,2025-10-24T16:32:16-07:00,2,20
global.js,56,js,a6d49a7a,Shaanb2000,2025-10-24,16:32:16,-07:00,2025-10-24T16:32:16-07:00,2,34
global.js,57,js,a6d49a7a,Shaanb2000,2025-10-24,16:32:16,-07:00,2025-10-24T16:32:16-07:00,2,11
global.js,58,js,a6d49a7a,Shaanb2000,2025-10-24,16:32:16,-07:00,2025-10-24T16:32:16-07:00,2,20
global.js,59,js,511c90ba,Shaanb2000,2025-10-24,16:10:17,-07:00,2025-10-24T16:10:17-07:00,2,0
global.js,60,js,a6d49a7a,Shaanb2000,2025-10-24,16:32:16,-07:00,2025-10-24T16:32:16-07:00,2,46
global.js,61,js,a6d49a7a,Shaanb2000,2025-10-24,16:32:16,-07:00,2025-10-24T16:32:16-07:00,2,17
global.js,62,js,a6d49a7a,Shaanb2000,2025-10-24,16:32:16,-07:00,2025-10-24T16:32:16-07:00,3,8
global.js,63,js,a6d49a7a,Shaanb2000,2025-10-24,16:32:16,-07:00,2025-10-24T16:32:16-07:00,3,58
global.js,64,js,a6d49a7a,Shaanb2000,2025-10-24,16:32:16,-07:00,2025-10-24T16:32:16-07:00,2,0
global.js,65,js,a6d49a7a,Shaanb2000,2025-10-24,16:32:16,-07:00,2025-10-24T16:32:16-07:00,2,0
global.js,66,js,a6d49a7a,Shaanb2000,2025-10-24,16:32:16,-07:00,2025-10-24T16:32:16-07:00,2,39
global.js,67,js,a6d49a7a,Shaanb2000,2025-10-24,16:32:16,-07:00,2025-10-24T16:32:16-07:00,2,62
global.js,68,js,a6d49a7a,Shaanb2000,2025-10-24,16:32:16,-07:00,2025-10-24T16:32:16-07:00,2,0
global.js,69,js,a6d49a7a,Shaanb2000,2025-10-24,16:32:16,-07:00,2025-10-24T16:32:16-07:00,2,11
global.js,70,js,a6d49a7a,Shaanb2000,2025-10-24,16:32:16,-07:00,2025-10-24T16:32:16-07:00,2,12
global.js,71,js,18880d3e,Shaanb2000,2025-10-24,16:25:41,-07:00,2025-10-24T16:25:41-07:00,1,0
global.js,72,js,511c90ba,Shaanb2000,2025-10-24,16:10:17,-07:00,2025-10-24T16:10:17-07:00,0,0
global.js,73,js,511c90ba,Shaanb2000,2025-10-24,16:10:17,-07:00,2025-10-24T16:10:17-07:00,0,0
global.js,74,js,d8fc593a,Shaanb2000,2025-10-24,23:15:04,-07:00,2025-10-24T23:15:04-07:00,0,25
global.js,75,js,2edf3f17,Shaanb2000,2025-11-22,15:55:32,-08:00,2025-11-22T15:55:32-08:00,0,22
global.js,76,js,d8fc593a,Shaanb2000,2025-10-24,23:15:04,-07:00,2025-10-24T23:15:04-07:00,0,0
global.js,77,js,d8fc593a,Shaanb2000,2025-10-24,23:15:04,-07:00,2025-10-24T23:15:04-07:00,0,30
global.js,78,js,d8fc593a,Shaanb2000,2025-10-24,23:15:04,-07:00,2025-10-24T23:15:04-07:00,1,64
global.js,79,js,d8fc593a,Shaanb2000,2025-10-24,23:15:04,-07:00,2025-10-24T23:15:04-07:00,1,31
global.js,80,js,2edf3f17,Shaanb2000,2025-11-22,15:55:32,-08:00,2025-11-22T15:55:32-08:00,1,17
global.js,81,js,2edf3f17,Shaanb2000,2025-11-22,15:55:32,-08:00,2025-11-22T15:55:32-08:00,2,25
global.js,82,js,2edf3f17,Shaanb2000,2025-11-22,15:55:32,-08:00,2025-11-22T15:55:32-08:00,1,0
global.js,83,js,0fe977cc,Shaanb2000,2025-10-24,23:34:31,-07:00,2025-10-24T23:34:31-07:00,1,0
global.js,84,js,0fe977cc,Shaanb2000,2025-10-24,23:34:31,-07:00,2025-10-24T23:34:31-07:00,1,32
global.js,85,js,0fe977cc,Shaanb2000,2025-10-24,23:34:31,-07:00,2025-10-24T23:34:31-07:00,1,38
global.js,86,js,0fe977cc,Shaanb2000,2025-10-24,23:34:31,-07:00,2025-10-24T23:34:31-07:00,1,22
global.js,87,js,0fe977cc,Shaanb2000,2025-10-24,23:34:31,-07:00,2025-10-24T23:34:31-07:00,2,52
global.js,88,js,0fe977cc,Shaanb2000,2025-10-24,23:34:31,-07:00,2025-10-24T23:34:31-07:00,1,28
global.js,89,js,0fe977cc,Shaanb2000,2025-10-24,23:34:31,-07:00,2025-10-24T23:34:31-07:00,2,51
global.js,90,js,0fe977cc,Shaanb2000,2025-10-24,23:34:31,-07:00,2025-10-24T23:34:31-07:00,1,6
global.js,91,js,0fe977cc,Shaanb2000,2025-10-24,23:34:31,-07:00,2025-10-24T23:34:31-07:00,2,51
global.js,92,js,0fe977cc,Shaanb2000,2025-10-24,23:34:31,-07:00,2025-10-24T23:34:31-07:00,1,0
global.js,93,js,1a48b835,Shaanb2000,2025-10-24,23:11:52,-07:00,2025-10-24T23:11:52-07:00,0,0
global.js,94,js,17d88cf4,Shaanb2000,2025-10-24,23:08:02,-07:00,2025-10-24T23:08:02-07:00,0,0
global.js,95,js,2edf3f17,Shaanb2000,2025-11-22,15:55:32,-08:00,2025-11-22T15:55:32-08:00,0,28
global.js,96,js,2edf3f17,Shaanb2000,2025-11-22,15:55:32,-08:00,2025-11-22T15:55:32-08:00,1,19
global.js,97,js,2edf3f17,Shaanb2000,2025-11-22,15:55:32,-08:00,2025-11-22T15:55:32-08:00,2,26
global.js,98,js,2edf3f17,Shaanb2000,2025-11-22,15:55:32,-08:00,2025-11-22T15:55:32-08:00,2,38
global.js,99,js,2edf3f17,Shaanb2000,2025-11-22,15:55:32,-08:00,2025-11-22T15:55:32-08:00,3,63
global.js,100,js,2edf3f17,Shaanb2000,2025-11-22,15:55:32,-08:00,2025-11-22T15:55:32-08:00,3,5
global.js,101,js,2edf3f17,Shaanb2000,2025-11-22,15:55:32,-08:00,2025-11-22T15:55:32-08:00,2,0
global.js,102,js,2edf3f17,Shaanb2000,2025-11-22,15:55:32,-08:00,2025-11-22T15:55:32-08:00,1,0
global.js,103,js,d8fc593a,Shaanb2000,2025-10-24,23:15:04,-07:00,2025-10-24T23:15:04-07:00,0,0
global.js,104,js,2edf3f17,Shaanb2000,2025-11-22,15:55:32,-08:00,2025-11-22T15:55:32-08:00,1,31
global.js,105,js,2edf3f17,Shaanb2000,2025-11-22,15:55:32,-08:00,2025-11-22T15:55:32-08:00,2,11
global.js,106,js,2edf3f17,Shaanb2000,2025-11-22,15:55:32,-08:00,2025-11-22T15:55:32-08:00,2,0
global.js,107,js,2edf3f17,Shaanb2000,2025-11-22,15:55:32,-08:00,2025-11-22T15:55:32-08:00,2,26
global.js,108,js,2edf3f17,Shaanb2000,2025-11-22,15:55:32,-08:00,2025-11-22T15:55:32-08:00,3,4
global.js,109,js,2edf3f17,Shaanb2000,2025-11-22,15:55:32,-08:00,2025-11-22T15:55:32-08:00,3,6
global.js,110,js,2edf3f17,Shaanb2000,2025-11-22,15:55:32,-08:00,2025-11-22T15:55:32-08:00,4,43
global.js,111,js,2edf3f17,Shaanb2000,2025-11-22,15:55:32,-08:00,2025-11-22T15:55:32-08:00,4,34
global.js,112,js,2edf3f17,Shaanb2000,2025-11-22,15:55:32,-08:00,2025-11-22T15:55:32-08:00,4,32
global.js,113,js,2edf3f17,Shaanb2000,2025-11-22,15:55:32,-08:00,2025-11-22T15:55:32-08:00,3,7
global.js,114,js,2edf3f17,Shaanb2000,2025-11-22,15:55:32,-08:00,2025-11-22T15:55:32-08:00,2,6
global.js,115,js,2edf3f17,Shaanb2000,2025-11-22,15:55:32,-08:00,2025-11-22T15:55:32-08:00,2,0
global.js,116,js,2edf3f17,Shaanb2000,2025-11-22,15:55:32,-08:00,2025-11-22T15:55:32-08:00,1,0
global.js,117,js,2edf3f17,Shaanb2000,2025-11-22,15:55:32,-08:00,2025-11-22T15:55:32-08:00,0,0
global.js,118,js,2edf3f17,Shaanb2000,2025-11-22,15:55:32,-08:00,2025-11-22T15:55:32-08:00,1,60
global.js,119,js,2edf3f17,Shaanb2000,2025-11-22,15:55:32,-08:00,2025-11-22T15:55:32-08:00,1,24
global.js,120,js,2edf3f17,Shaanb2000,2025-11-22,15:55:32,-08:00,2025-11-22T15:55:32-08:00,0,0
global.js,121,js,2edf3f17,Shaanb2000,2025-11-22,15:55:32,-08:00,2025-11-22T15:55:32-08:00,1,15
global.js,122,js,2edf3f17,Shaanb2000,2025-11-22,15:55:32,-08:00,2025-11-22T15:55:32-08:00,1,46
global.js,123,js,2edf3f17,Shaanb2000,2025-11-22,15:55:32,-08:00,2025-11-22T15:55:32-08:00,2,29
global.js,124,js,2edf3f17,Shaanb2000,2025-11-22,15:55:32,-08:00,2025-11-22T15:55:32-08:00,1,1
global.js,125,js,2edf3f17,Shaanb2000,2025-11-22,15:55:32,-08:00,2025-11-22T15:55:32-08:00,0,0
global.js,126,js,2edf3f17,Shaanb2000,2025-11-22,15:55:32,-08:00,2025-11-22T15:55:32-08:00,1,32
global.js,127,js,2edf3f17,Shaanb2000,2025-11-22,15:55:32,-08:00,2025-11-22T15:55:32-08:00,1,29
global.js,128,js,2edf3f17,Shaanb2000,2025-11-22,15:55:32,-08:00,2025-11-22T15:55:32-08:00,2,39
global.js,129,js,2edf3f17,Shaanb2000,2025-11-22,15:55:32,-08:00,2025-11-22T15:55:32-08:00,1,6
global.js,130,js,2edf3f17,Shaanb2000,2025-11-22,15:55:32,-08:00,2025-11-22T15:55:32-08:00,2,51
global.js,131,js,2edf3f17,Shaanb2000,2025-11-22,15:55:32,-08:00,2025-11-22T15:55:32-08:00,1,0
global.js,132,js,511c90ba,Shaanb2000,2025-10-24,16:10:17,-07:00,2025-10-24T16:10:17-07:00,0,0
global.js,133,js,511c90ba,Shaanb2000,2025-10-24,16:10:17,-07:00,2025-10-24T16:10:17-07:00,0,0
global.js,134,js,2edf3f17,Shaanb2000,2025-11-22,15:55:32,-08:00,2025-11-22T15:55:32-08:00,0,26
global.js,135,js,2edf3f17,Shaanb2000,2025-11-22,15:55:32,-08:00,2025-11-22T15:55:32-08:00,0,18
global.js,136,js,2edf3f17,Shaanb2000,2025-11-22,15:55:32,-08:00,2025-11-22T15:55:32-08:00,0,0
global.js,137,js,511c90ba,Shaanb2000,2025-10-24,16:10:17,-07:00,2025-10-24T16:10:17-07:00,0,21
global.js,138,js,511c90ba,Shaanb2000,2025-10-24,16:10:17,-07:00,2025-10-24T16:10:17-07:00,0,28
global.js,139,js,a07b7055,Shaanb2000,2025-10-24,16:35:39,-07:00,2025-10-24T16:35:39-07:00,1,25
global.js,140,js,511c90ba,Shaanb2000,2025-10-24,16:10:17,-07:00,2025-10-24T16:10:17-07:00,1,16
global.js,141,js,511c90ba,Shaanb2000,2025-10-24,16:10:17,-07:00,2025-10-24T16:10:17-07:00,1,0
global.js,142,js,511c90ba,Shaanb2000,2025-10-24,16:10:17,-07:00,2025-10-24T16:10:17-07:00,1,43
global.js,143,js,511c90ba,Shaanb2000,2025-10-24,16:10:17,-07:00,2025-10-24T16:10:17-07:00,2,17
global.js,144,js,511c90ba,Shaanb2000,2025-10-24,16:10:17,-07:00,2025-10-24T16:10:17-07:00,2,0
global.js,145,js,511c90ba,Shaanb2000,2025-10-24,16:10:17,-07:00,2025-10-24T16:10:17-07:00,2,60
global.js,146,js,511c90ba,Shaanb2000,2025-10-24,16:10:17,-07:00,2025-10-24T16:10:17-07:00,2,64
global.js,147,js,511c90ba,Shaanb2000,2025-10-24,16:10:17,-07:00,2025-10-24T16:10:17-07:00,2,61
global.js,148,js,511c90ba,Shaanb2000,2025-10-24,16:10:17,-07:00,2025-10-24T16:10:17-07:00,2,0
global.js,149,js,a07b7055,Shaanb2000,2025-10-24,16:35:39,-07:00,2025-10-24T16:35:39-07:00,2,45
global.js,150,js,511c90ba,Shaanb2000,2025-10-24,16:10:17,-07:00,2025-10-24T16:10:17-07:00,2,117
global.js,151,js,511c90ba,Shaanb2000,2025-10-24,16:10:17,-07:00,2025-10-24T16:10:17-07:00,2,0
global.js,152,js,511c90ba,Shaanb2000,2025-10-24,16:10:17,-07:00,2025-10-24T16:10:17-07:00,2,17
global.js,153,js,511c90ba,Shaanb2000,2025-10-24,16:10:17,-07:00,2025-10-24T16:10:17-07:00,2,31
global.js,154,js,511c90ba,Shaanb2000,2025-10-24,16:10:17,-07:00,2025-10-24T16:10:17-07:00,1,1
global.js,155,js,511c90ba,Shaanb2000,2025-10-24,16:10:17,-07:00,2025-10-24T16:10:17-07:00,0,0
global.js,156,js,511c90ba,Shaanb2000,2025-10-24,16:10:17,-07:00,2025-10-24T16:10:17-07:00,0,0
global.js,157,js,511c90ba,Shaanb2000,2025-10-24,16:10:17,-07:00,2025-10-24T16:10:17-07:00,0,48
global.js,158,js,511c90ba,Shaanb2000,2025-10-24,16:10:17,-07:00,2025-10-24T16:10:17-07:00,0,56
global.js,159,js,a6d49a7a,Shaanb2000,2025-10-24,16:32:16,-07:00,2025-10-24T16:32:16-07:00,1,23
global.js,160,js,a6d49a7a,Shaanb2000,2025-10-24,16:32:16,-07:00,2025-10-24T16:32:16-07:00,1,17
global.js,161,js,511c90ba,Shaanb2000,2025-10-24,16:10:17,-07:00,2025-10-24T16:10:17-07:00,1,0
global.js,162,js,511c90ba,Shaanb2000,2025-10-24,16:10:17,-07:00,2025-10-24T16:10:17-07:00,1,27
global.js,163,js,511c90ba,Shaanb2000,2025-10-24,16:10:17,-07:00,2025-10-24T16:10:17-07:00,1,18
global.js,164,js,511c90ba,Shaanb2000,2025-10-24,16:10:17,-07:00,2025-10-24T16:10:17-07:00,0,1
global.js,165,js,511c90ba,Shaanb2000,2025-10-24,16:10:17,-07:00,2025-10-24T16:10:17-07:00,0,0
global.js,166,js,301c8e85,Shaanb2000,2025-11-05,11:12:51,-08:00,2025-11-05T11:12:51-08:00,0,36
global.js,167,js,b52d7f32,Shaanb2000,2025-11-21,23:01:50,-08:00,2025-11-21T23:01:50-08:00,2,3
global.js,168,js,b52d7f32,Shaanb2000,2025-11-21,23:01:50,-08:00,2025-11-21T23:01:50-08:00,4,32
global.js,169,js,b52d7f32,Shaanb2000,2025-11-21,23:01:50,-08:00,2025-11-21T23:01:50-08:00,4,17
global.js,170,js,b52d7f32,Shaanb2000,2025-11-21,23:01:50,-08:00,2025-11-21T23:01:50-08:00,6,62
global.js,171,js,b52d7f32,Shaanb2000,2025-11-21,23:01:50,-08:00,2025-11-21T23:01:50-08:00,4,0
global.js,172,js,77f9c0eb,Shaanb2000,2025-11-22,15:50:54,-08:00,2025-11-22T15:50:54-08:00,4,33
global.js,173,js,77f9c0eb,Shaanb2000,2025-11-22,15:50:54,-08:00,2025-11-22T15:50:54-08:00,4,67
global.js,174,js,77f9c0eb,Shaanb2000,2025-11-22,15:50:54,-08:00,2025-11-22T15:50:54-08:00,4,10
global.js,175,js,b52d7f32,Shaanb2000,2025-11-21,23:01:50,-08:00,2025-11-21T23:01:50-08:00,2,15
global.js,176,js,77f9c0eb,Shaanb2000,2025-11-22,15:50:54,-08:00,2025-11-22T15:50:54-08:00,4,57
global.js,177,js,77f9c0eb,Shaanb2000,2025-11-22,15:50:54,-08:00,2025-11-22T15:50:54-08:00,4,93
global.js,178,js,b52d7f32,Shaanb2000,2025-11-21,23:01:50,-08:00,2025-11-21T23:01:50-08:00,4,8
global.js,179,js,2e7fb374,Shaanb2000,2025-11-21,22:55:48,-08:00,2025-11-21T22:55:48-08:00,2,0
global.js,180,js,301c8e85,Shaanb2000,2025-11-05,11:12:51,-08:00,2025-11-05T11:12:51-08:00,0,0
global.js,181,js,301c8e85,Shaanb2000,2025-11-05,11:12:51,-08:00,2025-11-05T11:12:51-08:00,0,0
global.js,182,js,87d99237,Shaanb2000,2025-11-21,14:49:30,-08:00,2025-11-21T14:49:30-08:00,0,83
global.js,183,js,b52d7f32,Shaanb2000,2025-11-21,23:01:50,-08:00,2025-11-21T23:01:50-08:00,2,28
global.js,184,js,b52d7f32,Shaanb2000,2025-11-21,23:01:50,-08:00,2025-11-21T23:01:50-08:00,0,0
global.js,185,js,b52d7f32,Shaanb2000,2025-11-21,23:01:50,-08:00,2025-11-21T23:01:50-08:00,2,30
global.js,186,js,b52d7f32,Shaanb2000,2025-11-21,23:01:50,-08:00,2025-11-21T23:01:50-08:00,0,0
global.js,187,js,b52d7f32,Shaanb2000,2025-11-21,23:01:50,-08:00,2025-11-21T23:01:50-08:00,2,31
global.js,188,js,b52d7f32,Shaanb2000,2025-11-21,23:01:50,-08:00,2025-11-21T23:01:50-08:00,4,48
global.js,189,js,a44f1d3c,Shaanb2000,2025-11-22,19:21:23,-08:00,2025-11-22T19:21:23-08:00,4,47
global.js,190,js,a44f1d3c,Shaanb2000,2025-11-22,19:21:23,-08:00,2025-11-22T19:21:23-08:00,4,22
global.js,191,js,a44f1d3c,Shaanb2000,2025-11-22,19:21:23,-08:00,2025-11-22T19:21:23-08:00,6,27
global.js,192,js,a44f1d3c,Shaanb2000,2025-11-22,19:21:23,-08:00,2025-11-22T19:21:23-08:00,6,155
global.js,193,js,a44f1d3c,Shaanb2000,2025-11-22,19:21:23,-08:00,2025-11-22T19:21:23-08:00,4,0
global.js,194,js,b52d7f32,Shaanb2000,2025-11-21,23:01:50,-08:00,2025-11-21T23:01:50-08:00,4,19
global.js,195,js,b52d7f32,Shaanb2000,2025-11-21,23:01:50,-08:00,2025-11-21T23:01:50-08:00,6,49
global.js,196,js,b52d7f32,Shaanb2000,2025-11-21,23:01:50,-08:00,2025-11-21T23:01:50-08:00,6,49
global.js,197,js,b52d7f32,Shaanb2000,2025-11-21,23:01:50,-08:00,2025-11-21T23:01:50-08:00,4,0
global.js,198,js,a44f1d3c,Shaanb2000,2025-11-22,19:21:23,-08:00,2025-11-22T19:21:23-08:00,4,30
global.js,199,js,b52d7f32,Shaanb2000,2025-11-21,23:01:50,-08:00,2025-11-21T23:01:50-08:00,4,36
global.js,200,js,b52d7f32,Shaanb2000,2025-11-21,23:01:50,-08:00,2025-11-21T23:01:50-08:00,2,1
global.js,201,js,301c8e85,Shaanb2000,2025-11-05,11:12:51,-08:00,2025-11-05T11:12:51-08:00,0,0
global.js,202,js,301c8e85,Shaanb2000,2025-11-05,11:12:51,-08:00,2025-11-05T11:12:51-08:00,0,0
global.js,203,js,301c8e85,Shaanb2000,2025-11-05,11:12:51,-08:00,2025-11-05T11:12:51-08:00,0,47
global.js,204,js,b52d7f32,Shaanb2000,2025-11-21,23:01:50,-08:00,2025-11-21T23:01:50-08:00,2,59
global.js,205,js,301c8e85,Shaanb2000,2025-11-05,11:12:51,-08:00,2025-11-05T11:12:51-08:00,0,0
global.js,206,js,301c8e85,Shaanb2000,2025-11-05,11:12:51,-08:00,2025-11-05T11:12:51-08:00,0,0
global.js,207,js,511c90ba,Shaanb2000,2025-10-24,16:10:17,-07:00,2025-10-24T16:10:17-07:00,0,44
global.js,208,js,511c90ba,Shaanb2000,2025-10-24,16:10:17,-07:00,2025-10-24T16:10:17-07:00,0,20
global.js,209,js,511c90ba,Shaanb2000,2025-10-24,16:10:17,-07:00,2025-10-24T16:10:17-07:00,1,1
global.js,210,js,511c90ba,Shaanb2000,2025-10-24,16:10:17,-07:00,2025-10-24T16:10:17-07:00,1,10
global.js,211,js,a6d49a7a,Shaanb2000,2025-10-24,16:32:16,-07:00,2025-10-24T16:32:16-07:00,1,15
global.js,212,js,2edf3f17,Shaanb2000,2025-11-22,15:55:32,-08:00,2025-11-22T15:55:32-08:00,1,12
global.js,213,js,511c90ba,Shaanb2000,2025-10-24,16:10:17,-07:00,2025-10-24T16:10:17-07:00,0,0
resume\index.html,1,html,0dda3cf0,Shaanb2000,2025-10-18,22:40:13,-07:00,2025-10-18T22:40:13-07:00,0,13
resume\index.html,2,html,0dda3cf0,Shaanb2000,2025-10-18,22:40:13,-07:00,2025-10-18T22:40:13-07:00,0,14
resume\index.html,3,html,0dda3cf0,Shaanb2000,2025-10-18,22:40:13,-07:00,2025-10-18T22:40:13-07:00,0,4
resume\index.html,4,html,0dda3cf0,Shaanb2000,2025-10-18,22:40:13,-07:00,2025-10-18T22:40:13-07:00,1,22
resume\index.html,5,html,0dda3cf0,Shaanb2000,2025-10-18,22:40:13,-07:00,2025-10-18T22:40:13-07:00,1,67
resume\index.html,6,html,0dda3cf0,Shaanb2000,2025-10-18,22:40:13,-07:00,2025-10-18T22:40:13-07:00,1,34
resume\index.html,7,html,0dda3cf0,Shaanb2000,2025-10-18,22:40:13,-07:00,2025-10-18T22:40:13-07:00,1,41
resume\index.html,8,html,0dda3cf0,Shaanb2000,2025-10-18,22:40:13,-07:00,2025-10-18T22:40:13-07:00,1,5
resume\index.html,9,html,0dda3cf0,Shaanb2000,2025-10-18,22:40:13,-07:00,2025-10-18T22:40:13-07:00,2,50
resume\index.html,10,html,0dda3cf0,Shaanb2000,2025-10-18,22:40:13,-07:00,2025-10-18T22:40:13-07:00,2,62
resume\index.html,11,html,0dda3cf0,Shaanb2000,2025-10-18,22:40:13,-07:00,2025-10-18T22:40:13-07:00,2,58
resume\index.html,12,html,0dda3cf0,Shaanb2000,2025-10-18,22:40:13,-07:00,2025-10-18T22:40:13-07:00,2,58
resume\index.html,13,html,bf00fe1a,Shaanb2000,2025-10-24,23:22:51,-07:00,2025-10-24T23:22:51-07:00,2,40
resume\index.html,14,html,0dda3cf0,Shaanb2000,2025-10-18,22:40:13,-07:00,2025-10-18T22:40:13-07:00,2,28
resume\index.html,15,html,bf00fe1a,Shaanb2000,2025-10-24,23:22:51,-07:00,2025-10-24T23:22:51-07:00,2,70
resume\index.html,16,html,0dda3cf0,Shaanb2000,2025-10-18,22:40:13,-07:00,2025-10-18T22:40:13-07:00,2,21
resume\index.html,17,html,0dda3cf0,Shaanb2000,2025-10-18,22:40:13,-07:00,2025-10-18T22:40:13-07:00,1,6
resume\index.html,18,html,0dda3cf0,Shaanb2000,2025-10-18,22:40:13,-07:00,2025-10-18T22:40:13-07:00,0,5
resume\index.html,19,html,0dda3cf0,Shaanb2000,2025-10-18,22:40:13,-07:00,2025-10-18T22:40:13-07:00,0,4
resume\index.html,20,html,0dda3cf0,Shaanb2000,2025-10-18,22:40:13,-07:00,2025-10-18T22:40:13-07:00,1,6
resume\index.html,21,html,0dda3cf0,Shaanb2000,2025-10-18,22:40:13,-07:00,2025-10-18T22:40:13-07:00,2,13
resume\index.html,22,html,0dda3cf0,Shaanb2000,2025-10-18,22:40:13,-07:00,2025-10-18T22:40:13-07:00,1,7
resume\index.html,23,html,0dda3cf0,Shaanb2000,2025-10-18,22:40:13,-07:00,2025-10-18T22:40:13-07:00,1,4
resume\index.html,24,html,0dda3cf0,Shaanb2000,2025-10-18,22:40:13,-07:00,2025-10-18T22:40:13-07:00,2,26
resume\index.html,25,html,0dda3cf0,Shaanb2000,2025-10-18,22:40:13,-07:00,2025-10-18T22:40:13-07:00,3,19
resume\index.html,26,html,0dda3cf0,Shaanb2000,2025-10-18,22:40:13,-07:00,2025-10-18T22:40:13-07:00,3,81
resume\index.html,27,html,0dda3cf0,Shaanb2000,2025-10-18,22:40:13,-07:00,2025-10-18T22:40:13-07:00,2,7
resume\index.html,28,html,0dda3cf0,Shaanb2000,2025-10-18,22:40:13,-07:00,2025-10-18T22:40:13-07:00,0,0
resume\index.html,29,html,0dda3cf0,Shaanb2000,2025-10-18,22:40:13,-07:00,2025-10-18T22:40:13-07:00,2,33
resume\index.html,30,html,0dda3cf0,Shaanb2000,2025-10-18,22:40:13,-07:00,2025-10-18T22:40:13-07:00,3,40
resume\index.html,31,html,74569040,Shaanb2000,2025-11-05,11:30:10,-08:00,2025-11-05T11:30:10-08:00,3,339
resume\index.html,32,html,0dda3cf0,Shaanb2000,2025-10-18,22:40:13,-07:00,2025-10-18T22:40:13-07:00,2,8
resume\index.html,33,html,0dda3cf0,Shaanb2000,2025-10-18,22:40:13,-07:00,2025-10-18T22:40:13-07:00,0,0
resume\index.html,34,html,0dda3cf0,Shaanb2000,2025-10-18,22:40:13,-07:00,2025-10-18T22:40:13-07:00,2,32
resume\index.html,35,html,0dda3cf0,Shaanb2000,2025-10-18,22:40:13,-07:00,2025-10-18T22:40:13-07:00,3,25
resume\index.html,36,html,74569040,Shaanb2000,2025-11-05,11:30:10,-08:00,2025-11-05T11:30:10-08:00,3,77
resume\index.html,37,html,74569040,Shaanb2000,2025-11-05,11:30:10,-08:00,2025-11-05T11:30:10-08:00,4,42
resume\index.html,38,html,74569040,Shaanb2000,2025-11-05,11:30:10,-08:00,2025-11-05T11:30:10-08:00,5,13
resume\index.html,39,html,74569040,Shaanb2000,2025-11-05,11:30:10,-08:00,2025-11-05T11:30:10-08:00,5,13
resume\index.html,40,html,74569040,Shaanb2000,2025-11-05,11:30:10,-08:00,2025-11-05T11:30:10-08:00,5,10
resume\index.html,41,html,74569040,Shaanb2000,2025-11-05,11:30:10,-08:00,2025-11-05T11:30:10-08:00,5,25
resume\index.html,42,html,74569040,Shaanb2000,2025-11-05,11:30:10,-08:00,2025-11-05T11:30:10-08:00,4,3
resume\index.html,43,html,74569040,Shaanb2000,2025-11-05,11:30:10,-08:00,2025-11-05T11:30:10-08:00,4,42
resume\index.html,44,html,74569040,Shaanb2000,2025-11-05,11:30:10,-08:00,2025-11-05T11:30:10-08:00,5,13
resume\index.html,45,html,74569040,Shaanb2000,2025-11-05,11:30:10,-08:00,2025-11-05T11:30:10-08:00,5,17
resume\index.html,46,html,74569040,Shaanb2000,2025-11-05,11:30:10,-08:00,2025-11-05T11:30:10-08:00,5,17
resume\index.html,47,html,74569040,Shaanb2000,2025-11-05,11:30:10,-08:00,2025-11-05T11:30:10-08:00,4,3
resume\index.html,48,html,74569040,Shaanb2000,2025-11-05,11:30:10,-08:00,2025-11-05T11:30:10-08:00,3,4
resume\index.html,49,html,0dda3cf0,Shaanb2000,2025-10-18,22:40:13,-07:00,2025-10-18T22:40:13-07:00,2,8
resume\index.html,50,html,0dda3cf0,Shaanb2000,2025-10-18,22:40:13,-07:00,2025-10-18T22:40:13-07:00,0,0
resume\index.html,51,html,0dda3cf0,Shaanb2000,2025-10-18,22:40:13,-07:00,2025-10-18T22:40:13-07:00,2,28
resume\index.html,52,html,0dda3cf0,Shaanb2000,2025-10-18,22:40:13,-07:00,2025-10-18T22:40:13-07:00,3,25
resume\index.html,53,html,0dda3cf0,Shaanb2000,2025-10-18,22:40:13,-07:00,2025-10-18T22:40:13-07:00,3,7
resume\index.html,54,html,74569040,Shaanb2000,2025-11-05,11:30:10,-08:00,2025-11-05T11:30:10-08:00,4,30
resume\index.html,55,html,74569040,Shaanb2000,2025-11-05,11:30:10,-08:00,2025-11-05T11:30:10-08:00,4,114
resume\index.html,56,html,74569040,Shaanb2000,2025-11-05,11:30:10,-08:00,2025-11-05T11:30:10-08:00,4,2
resume\index.html,57,html,74569040,Shaanb2000,2025-11-05,11:30:10,-08:00,2025-11-05T11:30:10-08:00,5,220
resume\index.html,58,html,74569040,Shaanb2000,2025-11-05,11:30:10,-08:00,2025-11-05T11:30:10-08:00,5,196
resume\index.html,59,html,74569040,Shaanb2000,2025-11-05,11:30:10,-08:00,2025-11-05T11:30:10-08:00,5,132
resume\index.html,60,html,74569040,Shaanb2000,2025-11-05,11:30:10,-08:00,2025-11-05T11:30:10-08:00,4,3
resume\index.html,61,html,74569040,Shaanb2000,2025-11-05,11:30:10,-08:00,2025-11-05T11:30:10-08:00,3,8
resume\index.html,62,html,74569040,Shaanb2000,2025-11-05,11:30:10,-08:00,2025-11-05T11:30:10-08:00,3,7
resume\index.html,63,html,74569040,Shaanb2000,2025-11-05,11:30:10,-08:00,2025-11-05T11:30:10-08:00,4,23
resume\index.html,64,html,74569040,Shaanb2000,2025-11-05,11:30:10,-08:00,2025-11-05T11:30:10-08:00,4,90
resume\index.html,65,html,0dda3cf0,Shaanb2000,2025-10-18,22:40:13,-07:00,2025-10-18T22:40:13-07:00,4,2
resume\index.html,66,html,74569040,Shaanb2000,2025-11-05,11:30:10,-08:00,2025-11-05T11:30:10-08:00,5,137
resume\index.html,67,html,74569040,Shaanb2000,2025-11-05,11:30:10,-08:00,2025-11-05T11:30:10-08:00,5,120
resume\index.html,68,html,0dda3cf0,Shaanb2000,2025-10-18,22:40:13,-07:00,2025-10-18T22:40:13-07:00,4,3
resume\index.html,69,html,0dda3cf0,Shaanb2000,2025-10-18,22:40:13,-07:00,2025-10-18T22:40:13-07:00,3,8
resume\index.html,70,html,0dda3cf0,Shaanb2000,2025-10-18,22:40:13,-07:00,2025-10-18T22:40:13-07:00,2,8
resume\index.html,71,html,0dda3cf0,Shaanb2000,2025-10-18,22:40:13,-07:00,2025-10-18T22:40:13-07:00,0,0
resume\index.html,72,html,0dda3cf0,Shaanb2000,2025-10-18,22:40:13,-07:00,2025-10-18T22:40:13-07:00,2,29
resume\index.html,73,html,0dda3cf0,Shaanb2000,2025-10-18,22:40:13,-07:00,2025-10-18T22:40:13-07:00,3,25
resume\index.html,74,html,0dda3cf0,Shaanb2000,2025-10-18,22:40:13,-07:00,2025-10-18T22:40:13-07:00,3,54
resume\index.html,75,html,74569040,Shaanb2000,2025-11-05,11:30:10,-08:00,2025-11-05T11:30:10-08:00,3,36
resume\index.html,76,html,0dda3cf0,Shaanb2000,2025-10-18,22:40:13,-07:00,2025-10-18T22:40:13-07:00,2,8
resume\index.html,77,html,0dda3cf0,Shaanb2000,2025-10-18,22:40:13,-07:00,2025-10-18T22:40:13-07:00,0,0
resume\index.html,78,html,0dda3cf0,Shaanb2000,2025-10-18,22:40:13,-07:00,2025-10-18T22:40:13-07:00,2,31
resume\index.html,79,html,0dda3cf0,Shaanb2000,2025-10-18,22:40:13,-07:00,2025-10-18T22:40:13-07:00,3,45
resume\index.html,80,html,0dda3cf0,Shaanb2000,2025-10-18,22:40:13,-07:00,2025-10-18T22:40:13-07:00,3,2
resume\index.html,81,html,74569040,Shaanb2000,2025-11-05,11:30:10,-08:00,2025-11-05T11:30:10-08:00,4,148
resume\index.html,82,html,74569040,Shaanb2000,2025-11-05,11:30:10,-08:00,2025-11-05T11:30:10-08:00,4,107
resume\index.html,83,html,0dda3cf0,Shaanb2000,2025-10-18,22:40:13,-07:00,2025-10-18T22:40:13-07:00,4,23
resume\index.html,84,html,0dda3cf0,Shaanb2000,2025-10-18,22:40:13,-07:00,2025-10-18T22:40:13-07:00,3,3
resume\index.html,85,html,0dda3cf0,Shaanb2000,2025-10-18,22:40:13,-07:00,2025-10-18T22:40:13-07:00,2,8
resume\index.html,86,html,0dda3cf0,Shaanb2000,2025-10-18,22:40:13,-07:00,2025-10-18T22:40:13-07:00,1,5
resume\index.html,87,html,511c90ba,Shaanb2000,2025-10-24,16:10:17,-07:00,2025-10-24T16:10:17-07:00,1,48
resume\index.html,88,html,0dda3cf0,Shaanb2000,2025-10-18,22:40:13,-07:00,2025-10-18T22:40:13-07:00,0,5
resume\index.html,89,html,0dda3cf0,Shaanb2000,2025-10-18,22:40:13,-07:00,2025-10-18T22:40:13-07:00,0,5
projects\projects.js,1,js,301c8e85,Shaanb2000,2025-11-05,11:12:51,-08:00,2025-11-05T11:12:51-08:00,0,55
projects\projects.js,2,js,a44f1d3c,Shaanb2000,2025-11-22,19:21:23,-08:00,2025-11-22T19:21:23-08:00,0,63
projects\projects.js,3,js,301c8e85,Shaanb2000,2025-11-05,11:12:51,-08:00,2025-11-05T11:12:51-08:00,0,0
projects\projects.js,4,js,a44f1d3c,Shaanb2000,2025-11-22,19:21:23,-08:00,2025-11-22T19:21:23-08:00,0,19
projects\projects.js,5,js,a44f1d3c,Shaanb2000,2025-11-22,19:21:23,-08:00,2025-11-22T19:21:23-08:00,0,55
projects\projects.js,6,js,301c8e85,Shaanb2000,2025-11-05,11:12:51,-08:00,2025-11-05T11:12:51-08:00,0,0
projects\projects.js,7,js,a44f1d3c,Shaanb2000,2025-11-22,19:21:23,-08:00,2025-11-22T19:21:23-08:00,0,30
projects\projects.js,8,js,a44f1d3c,Shaanb2000,2025-11-22,19:21:23,-08:00,2025-11-22T19:21:23-08:00,0,60
projects\projects.js,9,js,de359569,Shaanb2000,2025-11-22,15:45:20,-08:00,2025-11-22T15:45:20-08:00,0,0
projects\projects.js,10,js,a44f1d3c,Shaanb2000,2025-11-22,19:21:23,-08:00,2025-11-22T19:21:23-08:00,0,20
projects\projects.js,11,js,a44f1d3c,Shaanb2000,2025-11-22,19:21:23,-08:00,2025-11-22T19:21:23-08:00,0,45
projects\projects.js,12,js,a44f1d3c,Shaanb2000,2025-11-22,19:21:23,-08:00,2025-11-22T19:21:23-08:00,1,48
projects\projects.js,13,js,a44f1d3c,Shaanb2000,2025-11-22,19:21:23,-08:00,2025-11-22T19:21:23-08:00,0,0
projects\projects.js,14,js,a44f1d3c,Shaanb2000,2025-11-22,19:21:23,-08:00,2025-11-22T19:21:23-08:00,0,0
projects\projects.js,15,js,a44f1d3c,Shaanb2000,2025-11-22,19:21:23,-08:00,2025-11-22T19:21:23-08:00,0,21
projects\projects.js,16,js,a44f1d3c,Shaanb2000,2025-11-22,19:21:23,-08:00,2025-11-22T19:21:23-08:00,0,62
projects\projects.js,17,js,a44f1d3c,Shaanb2000,2025-11-22,19:21:23,-08:00,2025-11-22T19:21:23-08:00,0,18
projects\projects.js,18,js,a44f1d3c,Shaanb2000,2025-11-22,19:21:23,-08:00,2025-11-22T19:21:23-08:00,1,56
projects\projects.js,19,js,a44f1d3c,Shaanb2000,2025-11-22,19:21:23,-08:00,2025-11-22T19:21:23-08:00,0,0
projects\projects.js,20,js,301c8e85,Shaanb2000,2025-11-05,11:12:51,-08:00,2025-11-05T11:12:51-08:00,0,0
projects\projects.js,21,js,a44f1d3c,Shaanb2000,2025-11-22,19:21:23,-08:00,2025-11-22T19:21:23-08:00,0,32
projects\projects.js,22,js,a44f1d3c,Shaanb2000,2025-11-22,19:21:23,-08:00,2025-11-22T19:21:23-08:00,0,13
projects\projects.js,23,js,a44f1d3c,Shaanb2000,2025-11-22,19:21:23,-08:00,2025-11-22T19:21:23-08:00,0,21
projects\projects.js,24,js,a44f1d3c,Shaanb2000,2025-11-22,19:21:23,-08:00,2025-11-22T19:21:23-08:00,0,75
projects\projects.js,25,js,de359569,Shaanb2000,2025-11-22,15:45:20,-08:00,2025-11-22T15:45:20-08:00,0,0
projects\projects.js,26,js,a44f1d3c,Shaanb2000,2025-11-22,19:21:23,-08:00,2025-11-22T19:21:23-08:00,0,61
projects\projects.js,27,js,a44f1d3c,Shaanb2000,2025-11-22,19:21:23,-08:00,2025-11-22T19:21:23-08:00,0,25
projects\projects.js,28,js,a44f1d3c,Shaanb2000,2025-11-22,19:21:23,-08:00,2025-11-22T19:21:23-08:00,1,30
projects\projects.js,29,js,a44f1d3c,Shaanb2000,2025-11-22,19:21:23,-08:00,2025-11-22T19:21:23-08:00,0,0
projects\projects.js,30,js,a44f1d3c,Shaanb2000,2025-11-22,19:21:23,-08:00,2025-11-22T19:21:23-08:00,1,36
projects\projects.js,31,js,a44f1d3c,Shaanb2000,2025-11-22,19:21:23,-08:00,2025-11-22T19:21:23-08:00,1,10
projects\projects.js,32,js,a44f1d3c,Shaanb2000,2025-11-22,19:21:23,-08:00,2025-11-22T19:21:23-08:00,2,53
projects\projects.js,33,js,a44f1d3c,Shaanb2000,2025-11-22,19:21:23,-08:00,2025-11-22T19:21:23-08:00,3,59
projects\projects.js,34,js,a44f1d3c,Shaanb2000,2025-11-22,19:21:23,-08:00,2025-11-22T19:21:23-08:00,3,42
projects\projects.js,35,js,a44f1d3c,Shaanb2000,2025-11-22,19:21:23,-08:00,2025-11-22T19:21:23-08:00,2,1
projects\projects.js,36,js,de359569,Shaanb2000,2025-11-22,15:45:20,-08:00,2025-11-22T15:45:20-08:00,1,0
projects\projects.js,37,js,0e3b7ca4,Shaanb2000,2025-11-22,15:36:35,-08:00,2025-11-22T15:36:35-08:00,0,0
projects\projects.js,38,js,a44f1d3c,Shaanb2000,2025-11-22,19:21:23,-08:00,2025-11-22T19:21:23-08:00,1,40
projects\projects.js,39,js,a44f1d3c,Shaanb2000,2025-11-22,19:21:23,-08:00,2025-11-22T19:21:23-08:00,1,17
projects\projects.js,40,js,a44f1d3c,Shaanb2000,2025-11-22,19:21:23,-08:00,2025-11-22T19:21:23-08:00,2,83
projects\projects.js,41,js,77f9c0eb,Shaanb2000,2025-11-22,15:50:54,-08:00,2025-11-22T15:50:54-08:00,1,0
projects\projects.js,42,js,a44f1d3c,Shaanb2000,2025-11-22,19:21:23,-08:00,2025-11-22T19:21:23-08:00,0,0
projects\projects.js,43,js,a44f1d3c,Shaanb2000,2025-11-22,19:21:23,-08:00,2025-11-22T19:21:23-08:00,1,22
projects\projects.js,44,js,a44f1d3c,Shaanb2000,2025-11-22,19:21:23,-08:00,2025-11-22T19:21:23-08:00,0,0
projects\projects.js,45,js,a44f1d3c,Shaanb2000,2025-11-22,19:21:23,-08:00,2025-11-22T19:21:23-08:00,0,0
projects\projects.js,46,js,a44f1d3c,Shaanb2000,2025-11-22,19:21:23,-08:00,2025-11-22T19:21:23-08:00,0,29
projects\projects.js,47,js,a44f1d3c,Shaanb2000,2025-11-22,19:21:23,-08:00,2025-11-22T19:21:23-08:00,0,38
projects\projects.js,48,js,a44f1d3c,Shaanb2000,2025-11-22,19:21:23,-08:00,2025-11-22T19:21:23-08:00,1,42
projects\projects.js,49,js,a44f1d3c,Shaanb2000,2025-11-22,19:21:23,-08:00,2025-11-22T19:21:23-08:00,1,26
projects\projects.js,50,js,a44f1d3c,Shaanb2000,2025-11-22,19:21:23,-08:00,2025-11-22T19:21:23-08:00,2,12
projects\projects.js,51,js,a44f1d3c,Shaanb2000,2025-11-22,19:21:23,-08:00,2025-11-22T19:21:23-08:00,2,14
projects\projects.js,52,js,a44f1d3c,Shaanb2000,2025-11-22,19:21:23,-08:00,2025-11-22T19:21:23-08:00,2,12
projects\projects.js,53,js,a44f1d3c,Shaanb2000,2025-11-22,19:21:23,-08:00,2025-11-22T19:21:23-08:00,1,0
projects\projects.js,54,js,a44f1d3c,Shaanb2000,2025-11-22,19:21:23,-08:00,2025-11-22T19:21:23-08:00,0,0
projects\projects.js,55,js,a44f1d3c,Shaanb2000,2025-11-22,19:21:23,-08:00,2025-11-22T19:21:23-08:00,1,37
projects\projects.js,56,js,a44f1d3c,Shaanb2000,2025-11-22,19:21:23,-08:00,2025-11-22T19:21:23-08:00,1,45
projects\projects.js,57,js,a44f1d3c,Shaanb2000,2025-11-22,19:21:23,-08:00,2025-11-22T19:21:23-08:00,2,11
projects\projects.js,58,js,a44f1d3c,Shaanb2000,2025-11-22,19:21:23,-08:00,2025-11-22T19:21:23-08:00,2,9
projects\projects.js,59,js,a44f1d3c,Shaanb2000,2025-11-22,19:21:23,-08:00,2025-11-22T19:21:23-08:00,1,2
projects\projects.js,60,js,a44f1d3c,Shaanb2000,2025-11-22,19:21:23,-08:00,2025-11-22T19:21:23-08:00,0,0
projects\projects.js,61,js,45c60f6f,Shaanb2000,2025-11-22,19:58:20,-08:00,2025-11-22T19:58:20-08:00,1,69
projects\projects.js,62,js,45c60f6f,Shaanb2000,2025-11-22,19:58:20,-08:00,2025-11-22T19:58:20-08:00,1,29
projects\projects.js,63,js,45c60f6f,Shaanb2000,2025-11-22,19:58:20,-08:00,2025-11-22T19:58:20-08:00,2,7
projects\projects.js,64,js,45c60f6f,Shaanb2000,2025-11-22,19:58:20,-08:00,2025-11-22T19:58:20-08:00,2,14
projects\projects.js,65,js,45c60f6f,Shaanb2000,2025-11-22,19:58:20,-08:00,2025-11-22T19:58:20-08:00,2,12
projects\projects.js,66,js,45c60f6f,Shaanb2000,2025-11-22,19:58:20,-08:00,2025-11-22T19:58:20-08:00,1,0
projects\projects.js,67,js,45c60f6f,Shaanb2000,2025-11-22,19:58:20,-08:00,2025-11-22T19:58:20-08:00,1,49
projects\projects.js,68,js,45c60f6f,Shaanb2000,2025-11-22,19:58:20,-08:00,2025-11-22T19:58:20-08:00,1,0
projects\projects.js,69,js,45c60f6f,Shaanb2000,2025-11-22,19:58:20,-08:00,2025-11-22T19:58:20-08:00,1,71
projects\projects.js,70,js,45c60f6f,Shaanb2000,2025-11-22,19:58:20,-08:00,2025-11-22T19:58:20-08:00,1,64
projects\projects.js,71,js,a44f1d3c,Shaanb2000,2025-11-22,19:21:23,-08:00,2025-11-22T19:21:23-08:00,1,57
projects\projects.js,72,js,a44f1d3c,Shaanb2000,2025-11-22,19:21:23,-08:00,2025-11-22T19:21:23-08:00,1,50
projects\projects.js,73,js,a44f1d3c,Shaanb2000,2025-11-22,19:21:23,-08:00,2025-11-22T19:21:23-08:00,1,33
projects\projects.js,74,js,a44f1d3c,Shaanb2000,2025-11-22,19:21:23,-08:00,2025-11-22T19:21:23-08:00,1,45
projects\projects.js,75,js,a44f1d3c,Shaanb2000,2025-11-22,19:21:23,-08:00,2025-11-22T19:21:23-08:00,0,0
projects\projects.js,76,js,a44f1d3c,Shaanb2000,2025-11-22,19:21:23,-08:00,2025-11-22T19:21:23-08:00,1,32
projects\projects.js,77,js,a44f1d3c,Shaanb2000,2025-11-22,19:21:23,-08:00,2025-11-22T19:21:23-08:00,1,28
projects\projects.js,78,js,a44f1d3c,Shaanb2000,2025-11-22,19:21:23,-08:00,2025-11-22T19:21:23-08:00,1,32
projects\projects.js,79,js,a44f1d3c,Shaanb2000,2025-11-22,19:21:23,-08:00,2025-11-22T19:21:23-08:00,1,32
projects\projects.js,80,js,a44f1d3c,Shaanb2000,2025-11-22,19:21:23,-08:00,2025-11-22T19:21:23-08:00,1,30
projects\projects.js,81,js,a44f1d3c,Shaanb2000,2025-11-22,19:21:23,-08:00,2025-11-22T19:21:23-08:00,0,0
projects\projects.js,82,js,a44f1d3c,Shaanb2000,2025-11-22,19:21:23,-08:00,2025-11-22T19:21:23-08:00,1,66
projects\projects.js,83,js,c42d2f00,Shaanb2000,2025-11-22,20:06:10,-08:00,2025-11-22T20:06:10-08:00,1,79
projects\projects.js,84,js,a44f1d3c,Shaanb2000,2025-11-22,19:21:23,-08:00,2025-11-22T19:21:23-08:00,1,26
projects\projects.js,85,js,c42d2f00,Shaanb2000,2025-11-22,20:06:10,-08:00,2025-11-22T20:06:10-08:00,1,49
projects\projects.js,86,js,7f6506c6,Shaanb2000,2025-11-22,20:17:11,-08:00,2025-11-22T20:17:11-08:00,1,0
projects\projects.js,87,js,7f6506c6,Shaanb2000,2025-11-22,20:17:11,-08:00,2025-11-22T20:17:11-08:00,1,70
projects\projects.js,88,js,7f6506c6,Shaanb2000,2025-11-22,20:17:11,-08:00,2025-11-22T20:17:11-08:00,1,15
projects\projects.js,89,js,7f6506c6,Shaanb2000,2025-11-22,20:17:11,-08:00,2025-11-22T20:17:11-08:00,2,35
projects\projects.js,90,js,7f6506c6,Shaanb2000,2025-11-22,20:17:11,-08:00,2025-11-22T20:17:11-08:00,1,6
projects\projects.js,91,js,7f6506c6,Shaanb2000,2025-11-22,20:17:11,-08:00,2025-11-22T20:17:11-08:00,2,36
projects\projects.js,92,js,7f6506c6,Shaanb2000,2025-11-22,20:17:11,-08:00,2025-11-22T20:17:11-08:00,1,0
projects\projects.js,93,js,7f6506c6,Shaanb2000,2025-11-22,20:17:11,-08:00,2025-11-22T20:17:11-08:00,1,0
projects\projects.js,94,js,c42d2f00,Shaanb2000,2025-11-22,20:06:10,-08:00,2025-11-22T20:06:10-08:00,1,32
projects\projects.js,95,js,a44f1d3c,Shaanb2000,2025-11-22,19:21:23,-08:00,2025-11-22T19:21:23-08:00,2,65
projects\projects.js,96,js,77f9c0eb,Shaanb2000,2025-11-22,15:50:54,-08:00,2025-11-22T15:50:54-08:00,1,0
projects\projects.js,97,js,a44f1d3c,Shaanb2000,2025-11-22,19:21:23,-08:00,2025-11-22T19:21:23-08:00,0,0
projects\projects.js,98,js,a44f1d3c,Shaanb2000,2025-11-22,19:21:23,-08:00,2025-11-22T19:21:23-08:00,1,25
projects\projects.js,99,js,a44f1d3c,Shaanb2000,2025-11-22,19:21:23,-08:00,2025-11-22T19:21:23-08:00,1,26
projects\projects.js,100,js,45c60f6f,Shaanb2000,2025-11-22,19:58:20,-08:00,2025-11-22T19:58:20-08:00,2,27
projects\projects.js,101,js,45c60f6f,Shaanb2000,2025-11-22,19:58:20,-08:00,2025-11-22T19:58:20-08:00,2,69
projects\projects.js,102,js,c42d2f00,Shaanb2000,2025-11-22,20:06:10,-08:00,2025-11-22T20:06:10-08:00,2,24
projects\projects.js,103,js,a44f1d3c,Shaanb2000,2025-11-22,19:21:23,-08:00,2025-11-22T19:21:23-08:00,3,13
projects\projects.js,104,js,a44f1d3c,Shaanb2000,2025-11-22,19:21:23,-08:00,2025-11-22T19:21:23-08:00,3,13
projects\projects.js,105,js,8c8439ac,Shaanb2000,2025-11-22,19:43:21,-08:00,2025-11-22T19:43:21-08:00,3,26
projects\projects.js,106,js,8c8439ac,Shaanb2000,2025-11-22,19:43:21,-08:00,2025-11-22T19:43:21-08:00,3,41
projects\projects.js,107,js,c42d2f00,Shaanb2000,2025-11-22,20:06:10,-08:00,2025-11-22T20:06:10-08:00,3,75
projects\projects.js,108,js,c42d2f00,Shaanb2000,2025-11-22,20:06:10,-08:00,2025-11-22T20:06:10-08:00,3,28
projects\projects.js,109,js,7f6506c6,Shaanb2000,2025-11-22,20:17:11,-08:00,2025-11-22T20:17:11-08:00,4,48
projects\projects.js,110,js,c42d2f00,Shaanb2000,2025-11-22,20:06:10,-08:00,2025-11-22T20:06:10-08:00,4,61
projects\projects.js,111,js,a44f1d3c,Shaanb2000,2025-11-22,19:21:23,-08:00,2025-11-22T19:21:23-08:00,4,0
projects\projects.js,112,js,7f6506c6,Shaanb2000,2025-11-22,20:17:11,-08:00,2025-11-22T20:17:11-08:00,4,58
projects\projects.js,113,js,7f6506c6,Shaanb2000,2025-11-22,20:17:11,-08:00,2025-11-22T20:17:11-08:00,4,0
projects\projects.js,114,js,a44f1d3c,Shaanb2000,2025-11-22,19:21:23,-08:00,2025-11-22T19:21:23-08:00,4,17
projects\projects.js,115,js,a44f1d3c,Shaanb2000,2025-11-22,19:21:23,-08:00,2025-11-22T19:21:23-08:00,4,33
projects\projects.js,116,js,a44f1d3c,Shaanb2000,2025-11-22,19:21:23,-08:00,2025-11-22T19:21:23-08:00,5,18
projects\projects.js,117,js,a44f1d3c,Shaanb2000,2025-11-22,19:21:23,-08:00,2025-11-22T19:21:23-08:00,5,17
projects\projects.js,118,js,a44f1d3c,Shaanb2000,2025-11-22,19:21:23,-08:00,2025-11-22T19:21:23-08:00,4,6
projects\projects.js,119,js,a44f1d3c,Shaanb2000,2025-11-22,19:21:23,-08:00,2025-11-22T19:21:23-08:00,5,25
projects\projects.js,120,js,a44f1d3c,Shaanb2000,2025-11-22,19:21:23,-08:00,2025-11-22T19:21:23-08:00,5,32
projects\projects.js,121,js,a44f1d3c,Shaanb2000,2025-11-22,19:21:23,-08:00,2025-11-22T19:21:23-08:00,5,29
projects\projects.js,122,js,a44f1d3c,Shaanb2000,2025-11-22,19:21:23,-08:00,2025-11-22T19:21:23-08:00,6,7
projects\projects.js,123,js,a44f1d3c,Shaanb2000,2025-11-22,19:21:23,-08:00,2025-11-22T19:21:23-08:00,6,14
projects\projects.js,124,js,a44f1d3c,Shaanb2000,2025-11-22,19:21:23,-08:00,2025-11-22T19:21:23-08:00,6,12
projects\projects.js,125,js,a44f1d3c,Shaanb2000,2025-11-22,19:21:23,-08:00,2025-11-22T19:21:23-08:00,5,0
projects\projects.js,126,js,a44f1d3c,Shaanb2000,2025-11-22,19:21:23,-08:00,2025-11-22T19:21:23-08:00,5,51
projects\projects.js,127,js,a44f1d3c,Shaanb2000,2025-11-22,19:21:23,-08:00,2025-11-22T19:21:23-08:00,6,11
projects\projects.js,128,js,a44f1d3c,Shaanb2000,2025-11-22,19:21:23,-08:00,2025-11-22T19:21:23-08:00,6,9
projects\projects.js,129,js,a44f1d3c,Shaanb2000,2025-11-22,19:21:23,-08:00,2025-11-22T19:21:23-08:00,5,2
projects\projects.js,130,js,a44f1d3c,Shaanb2000,2025-11-22,19:21:23,-08:00,2025-11-22T19:21:23-08:00,5,62
projects\projects.js,131,js,a44f1d3c,Shaanb2000,2025-11-22,19:21:23,-08:00,2025-11-22T19:21:23-08:00,4,0
projects\projects.js,132,js,a44f1d3c,Shaanb2000,2025-11-22,19:21:23,-08:00,2025-11-22T19:21:23-08:00,0,0
projects\projects.js,133,js,a44f1d3c,Shaanb2000,2025-11-22,19:21:23,-08:00,2025-11-22T19:21:23-08:00,4,27
projects\projects.js,134,js,a44f1d3c,Shaanb2000,2025-11-22,19:21:23,-08:00,2025-11-22T19:21:23-08:00,4,38
projects\projects.js,135,js,a44f1d3c,Shaanb2000,2025-11-22,19:21:23,-08:00,2025-11-22T19:21:23-08:00,4,56
projects\projects.js,136,js,45c60f6f,Shaanb2000,2025-11-22,19:58:20,-08:00,2025-11-22T19:58:20-08:00,4,90
projects\projects.js,137,js,45c60f6f,Shaanb2000,2025-11-22,19:58:20,-08:00,2025-11-22T19:58:20-08:00,4,31
projects\projects.js,138,js,a44f1d3c,Shaanb2000,2025-11-22,19:21:23,-08:00,2025-11-22T19:21:23-08:00,3,1
projects\projects.js,139,js,a44f1d3c,Shaanb2000,2025-11-22,19:21:23,-08:00,2025-11-22T19:21:23-08:00,1,1
projects\projects.js,140,js,a44f1d3c,Shaanb2000,2025-11-22,19:21:23,-08:00,2025-11-22T19:21:23-08:00,0,0
projects\projects.js,141,js,a44f1d3c,Shaanb2000,2025-11-22,19:21:23,-08:00,2025-11-22T19:21:23-08:00,1,17
projects\projects.js,142,js,a44f1d3c,Shaanb2000,2025-11-22,19:21:23,-08:00,2025-11-22T19:21:23-08:00,1,27
projects\projects.js,143,js,c42d2f00,Shaanb2000,2025-11-22,20:06:10,-08:00,2025-11-22T20:06:10-08:00,2,79
projects\projects.js,144,js,c42d2f00,Shaanb2000,2025-11-22,20:06:10,-08:00,2025-11-22T20:06:10-08:00,2,59
projects\projects.js,145,js,45c60f6f,Shaanb2000,2025-11-22,19:58:20,-08:00,2025-11-22T19:58:20-08:00,2,27
projects\projects.js,146,js,45c60f6f,Shaanb2000,2025-11-22,19:58:20,-08:00,2025-11-22T19:58:20-08:00,2,69
projects\projects.js,147,js,a44f1d3c,Shaanb2000,2025-11-22,19:21:23,-08:00,2025-11-22T19:21:23-08:00,2,4
projects\projects.js,148,js,a44f1d3c,Shaanb2000,2025-11-22,19:21:23,-08:00,2025-11-22T19:21:23-08:00,3,11
projects\projects.js,149,js,a44f1d3c,Shaanb2000,2025-11-22,19:21:23,-08:00,2025-11-22T19:21:23-08:00,3,65
projects\projects.js,150,js,8c8439ac,Shaanb2000,2025-11-22,19:43:21,-08:00,2025-11-22T19:43:21-08:00,3,40
projects\projects.js,151,js,8c8439ac,Shaanb2000,2025-11-22,19:43:21,-08:00,2025-11-22T19:43:21-08:00,3,41
projects\projects.js,152,js,a44f1d3c,Shaanb2000,2025-11-22,19:21:23,-08:00,2025-11-22T19:21:23-08:00,3,84
projects\projects.js,153,js,a44f1d3c,Shaanb2000,2025-11-22,19:21:23,-08:00,2025-11-22T19:21:23-08:00,3,23
projects\projects.js,154,js,a44f1d3c,Shaanb2000,2025-11-22,19:21:23,-08:00,2025-11-22T19:21:23-08:00,4,34
projects\projects.js,155,js,a44f1d3c,Shaanb2000,2025-11-22,19:21:23,-08:00,2025-11-22T19:21:23-08:00,4,0
projects\projects.js,156,js,a44f1d3c,Shaanb2000,2025-11-22,19:21:23,-08:00,2025-11-22T19:21:23-08:00,4,17
projects\projects.js,157,js,a44f1d3c,Shaanb2000,2025-11-22,19:21:23,-08:00,2025-11-22T19:21:23-08:00,4,33
projects\projects.js,158,js,a44f1d3c,Shaanb2000,2025-11-22,19:21:23,-08:00,2025-11-22T19:21:23-08:00,5,18
projects\projects.js,159,js,a44f1d3c,Shaanb2000,2025-11-22,19:21:23,-08:00,2025-11-22T19:21:23-08:00,5,17
projects\projects.js,160,js,a44f1d3c,Shaanb2000,2025-11-22,19:21:23,-08:00,2025-11-22T19:21:23-08:00,4,6
projects\projects.js,161,js,a44f1d3c,Shaanb2000,2025-11-22,19:21:23,-08:00,2025-11-22T19:21:23-08:00,5,25
projects\projects.js,162,js,a44f1d3c,Shaanb2000,2025-11-22,19:21:23,-08:00,2025-11-22T19:21:23-08:00,5,32
projects\projects.js,163,js,a44f1d3c,Shaanb2000,2025-11-22,19:21:23,-08:00,2025-11-22T19:21:23-08:00,5,29
projects\projects.js,164,js,a44f1d3c,Shaanb2000,2025-11-22,19:21:23,-08:00,2025-11-22T19:21:23-08:00,6,7
projects\projects.js,165,js,a44f1d3c,Shaanb2000,2025-11-22,19:21:23,-08:00,2025-11-22T19:21:23-08:00,6,14
projects\projects.js,166,js,a44f1d3c,Shaanb2000,2025-11-22,19:21:23,-08:00,2025-11-22T19:21:23-08:00,6,12
projects\projects.js,167,js,a44f1d3c,Shaanb2000,2025-11-22,19:21:23,-08:00,2025-11-22T19:21:23-08:00,5,0
projects\projects.js,168,js,a44f1d3c,Shaanb2000,2025-11-22,19:21:23,-08:00,2025-11-22T19:21:23-08:00,5,51
projects\projects.js,169,js,a44f1d3c,Shaanb2000,2025-11-22,19:21:23,-08:00,2025-11-22T19:21:23-08:00,6,11
projects\projects.js,170,js,a44f1d3c,Shaanb2000,2025-11-22,19:21:23,-08:00,2025-11-22T19:21:23-08:00,6,9
projects\projects.js,171,js,a44f1d3c,Shaanb2000,2025-11-22,19:21:23,-08:00,2025-11-22T19:21:23-08:00,5,2
projects\projects.js,172,js,a44f1d3c,Shaanb2000,2025-11-22,19:21:23,-08:00,2025-11-22T19:21:23-08:00,5,62
projects\projects.js,173,js,a44f1d3c,Shaanb2000,2025-11-22,19:21:23,-08:00,2025-11-22T19:21:23-08:00,4,0
projects\projects.js,174,js,a44f1d3c,Shaanb2000,2025-11-22,19:21:23,-08:00,2025-11-22T19:21:23-08:00,0,0
projects\projects.js,175,js,a44f1d3c,Shaanb2000,2025-11-22,19:21:23,-08:00,2025-11-22T19:21:23-08:00,4,27
projects\projects.js,176,js,a44f1d3c,Shaanb2000,2025-11-22,19:21:23,-08:00,2025-11-22T19:21:23-08:00,4,38
projects\projects.js,177,js,a44f1d3c,Shaanb2000,2025-11-22,19:21:23,-08:00,2025-11-22T19:21:23-08:00,4,56
projects\projects.js,178,js,45c60f6f,Shaanb2000,2025-11-22,19:58:20,-08:00,2025-11-22T19:58:20-08:00,4,90
projects\projects.js,179,js,45c60f6f,Shaanb2000,2025-11-22,19:58:20,-08:00,2025-11-22T19:58:20-08:00,4,31
projects\projects.js,180,js,a44f1d3c,Shaanb2000,2025-11-22,19:21:23,-08:00,2025-11-22T19:21:23-08:00,3,1
projects\projects.js,181,js,a44f1d3c,Shaanb2000,2025-11-22,19:21:23,-08:00,2025-11-22T19:21:23-08:00,1,1
projects\projects.js,182,js,b52d7f32,Shaanb2000,2025-11-21,23:01:50,-08:00,2025-11-21T23:01:50-08:00,0,0
projects\projects.js,183,js,a44f1d3c,Shaanb2000,2025-11-22,19:21:23,-08:00,2025-11-22T19:21:23-08:00,0,0
projects\projects.js,184,js,a44f1d3c,Shaanb2000,2025-11-22,19:21:23,-08:00,2025-11-22T19:21:23-08:00,0,28
projects\projects.js,185,js,a44f1d3c,Shaanb2000,2025-11-22,19:21:23,-08:00,2025-11-22T19:21:23-08:00,0,23
projects\projects.js,186,js,a44f1d3c,Shaanb2000,2025-11-22,19:21:23,-08:00,2025-11-22T19:21:23-08:00,0,0
projects\projects.js,187,js,a44f1d3c,Shaanb2000,2025-11-22,19:21:23,-08:00,2025-11-22T19:21:23-08:00,0,21
projects\projects.js,188,js,a44f1d3c,Shaanb2000,2025-11-22,19:21:23,-08:00,2025-11-22T19:21:23-08:00,0,55
projects\projects.js,189,js,a44f1d3c,Shaanb2000,2025-11-22,19:21:23,-08:00,2025-11-22T19:21:23-08:00,0,48
projects\projects.js,190,js,a44f1d3c,Shaanb2000,2025-11-22,19:21:23,-08:00,2025-11-22T19:21:23-08:00,1,39
projects\projects.js,191,js,a44f1d3c,Shaanb2000,2025-11-22,19:21:23,-08:00,2025-11-22T19:21:23-08:00,1,0
projects\projects.js,192,js,a44f1d3c,Shaanb2000,2025-11-22,19:21:23,-08:00,2025-11-22T19:21:23-08:00,1,51
projects\projects.js,193,js,a44f1d3c,Shaanb2000,2025-11-22,19:21:23,-08:00,2025-11-22T19:21:23-08:00,1,38
projects\projects.js,194,js,a44f1d3c,Shaanb2000,2025-11-22,19:21:23,-08:00,2025-11-22T19:21:23-08:00,0,0
projects\projects.js,195,js,a44f1d3c,Shaanb2000,2025-11-22,19:21:23,-08:00,2025-11-22T19:21:23-08:00,1,56
projects\projects.js,196,js,45c60f6f,Shaanb2000,2025-11-22,19:58:20,-08:00,2025-11-22T19:58:20-08:00,1,90
projects\projects.js,197,js,45c60f6f,Shaanb2000,2025-11-22,19:58:20,-08:00,2025-11-22T19:58:20-08:00,1,31
projects\projects.js,198,js,a44f1d3c,Shaanb2000,2025-11-22,19:21:23,-08:00,2025-11-22T19:21:23-08:00,0,1
projects\index.html,1,html,04bfb798,Shaanb2000,2025-10-18,22:32:25,-07:00,2025-10-18T22:32:25-07:00,0,13
projects\index.html,2,html,04bfb798,Shaanb2000,2025-10-18,22:32:25,-07:00,2025-10-18T22:32:25-07:00,0,14
projects\index.html,3,html,04bfb798,Shaanb2000,2025-10-18,22:32:25,-07:00,2025-10-18T22:32:25-07:00,0,4
projects\index.html,4,html,04bfb798,Shaanb2000,2025-10-18,22:32:25,-07:00,2025-10-18T22:32:25-07:00,1,22
projects\index.html,5,html,04bfb798,Shaanb2000,2025-10-18,22:32:25,-07:00,2025-10-18T22:32:25-07:00,1,67
projects\index.html,6,html,04bfb798,Shaanb2000,2025-10-18,22:32:25,-07:00,2025-10-18T22:32:25-07:00,1,36
projects\index.html,7,html,04bfb798,Shaanb2000,2025-10-18,22:32:25,-07:00,2025-10-18T22:32:25-07:00,1,41
projects\index.html,8,html,04bfb798,Shaanb2000,2025-10-18,22:32:25,-07:00,2025-10-18T22:32:25-07:00,0,5
projects\index.html,9,html,04bfb798,Shaanb2000,2025-10-18,22:32:25,-07:00,2025-10-18T22:32:25-07:00,0,4
projects\index.html,10,html,04bfb798,Shaanb2000,2025-10-18,22:32:25,-07:00,2025-10-18T22:32:25-07:00,1,6
projects\index.html,11,html,04bfb798,Shaanb2000,2025-10-18,22:32:25,-07:00,2025-10-18T22:32:25-07:00,1,7
projects\index.html,12,html,04bfb798,Shaanb2000,2025-10-18,22:32:25,-07:00,2025-10-18T22:32:25-07:00,1,4
projects\index.html,13,html,301c8e85,Shaanb2000,2025-11-05,11:12:51,-08:00,2025-11-05T11:12:51-08:00,2,38
projects\index.html,14,html,a44f1d3c,Shaanb2000,2025-11-22,19:21:23,-08:00,2025-11-22T19:21:23-08:00,2,21
projects\index.html,15,html,a44f1d3c,Shaanb2000,2025-11-22,19:21:23,-08:00,2025-11-22T19:21:23-08:00,3,58
projects\index.html,16,html,a44f1d3c,Shaanb2000,2025-11-22,19:21:23,-08:00,2025-11-22T19:21:23-08:00,3,22
projects\index.html,17,html,a44f1d3c,Shaanb2000,2025-11-22,19:21:23,-08:00,2025-11-22T19:21:23-08:00,2,4
projects\index.html,18,html,a44f1d3c,Shaanb2000,2025-11-22,19:21:23,-08:00,2025-11-22T19:21:23-08:00,2,4
projects\index.html,19,html,a44f1d3c,Shaanb2000,2025-11-22,19:21:23,-08:00,2025-11-22T19:21:23-08:00,3,15
projects\index.html,20,html,a44f1d3c,Shaanb2000,2025-11-22,19:21:23,-08:00,2025-11-22T19:21:23-08:00,3,11
projects\index.html,21,html,a44f1d3c,Shaanb2000,2025-11-22,19:21:23,-08:00,2025-11-22T19:21:23-08:00,3,26
projects\index.html,22,html,a44f1d3c,Shaanb2000,2025-11-22,19:21:23,-08:00,2025-11-22T19:21:23-08:00,3,31
projects\index.html,23,html,a44f1d3c,Shaanb2000,2025-11-22,19:21:23,-08:00,2025-11-22T19:21:23-08:00,2,0
projects\index.html,24,html,301c8e85,Shaanb2000,2025-11-05,11:12:51,-08:00,2025-11-05T11:12:51-08:00,2,26
projects\index.html,25,html,04bfb798,Shaanb2000,2025-10-18,22:32:25,-07:00,2025-10-18T22:32:25-07:00,1,5
projects\index.html,26,html,04bfb798,Shaanb2000,2025-10-18,22:32:25,-07:00,2025-10-18T22:32:25-07:00,1,6
projects\index.html,27,html,04bfb798,Shaanb2000,2025-10-18,22:32:25,-07:00,2025-10-18T22:32:25-07:00,2,66
projects\index.html,28,html,04bfb798,Shaanb2000,2025-10-18,22:32:25,-07:00,2025-10-18T22:32:25-07:00,1,7
projects\index.html,29,html,511c90ba,Shaanb2000,2025-10-24,16:10:17,-07:00,2025-10-24T16:10:17-07:00,1,48
projects\index.html,30,html,204608c2,Shaanb2000,2025-11-21,23:19:52,-08:00,2025-11-21T23:19:52-08:00,1,47
projects\index.html,31,html,204608c2,Shaanb2000,2025-11-21,23:19:52,-08:00,2025-11-21T23:19:52-08:00,1,0
projects\index.html,32,html,0e3b7ca4,Shaanb2000,2025-11-22,15:36:35,-08:00,2025-11-22T15:36:35-08:00,1,0
projects\index.html,33,html,04bfb798,Shaanb2000,2025-10-18,22:32:25,-07:00,2025-10-18T22:32:25-07:00,0,5
projects\index.html,34,html,04bfb798,Shaanb2000,2025-10-18,22:32:25,-07:00,2025-10-18T22:32:25-07:00,0,5
cv\index.html,1,html,04bfb798,Shaanb2000,2025-10-18,22:32:25,-07:00,2025-10-18T22:32:25-07:00,0,13
cv\index.html,2,html,04bfb798,Shaanb2000,2025-10-18,22:32:25,-07:00,2025-10-18T22:32:25-07:00,0,14
cv\index.html,3,html,04bfb798,Shaanb2000,2025-10-18,22:32:25,-07:00,2025-10-18T22:32:25-07:00,0,4
cv\index.html,4,html,04bfb798,Shaanb2000,2025-10-18,22:32:25,-07:00,2025-10-18T22:32:25-07:00,1,22
cv\index.html,5,html,04bfb798,Shaanb2000,2025-10-18,22:32:25,-07:00,2025-10-18T22:32:25-07:00,1,67
cv\index.html,6,html,04bfb798,Shaanb2000,2025-10-18,22:32:25,-07:00,2025-10-18T22:32:25-07:00,1,30
cv\index.html,7,html,04bfb798,Shaanb2000,2025-10-18,22:32:25,-07:00,2025-10-18T22:32:25-07:00,1,41
cv\index.html,8,html,04bfb798,Shaanb2000,2025-10-18,22:32:25,-07:00,2025-10-18T22:32:25-07:00,0,5
cv\index.html,9,html,04bfb798,Shaanb2000,2025-10-18,22:32:25,-07:00,2025-10-18T22:32:25-07:00,0,4
cv\index.html,10,html,04bfb798,Shaanb2000,2025-10-18,22:32:25,-07:00,2025-10-18T22:32:25-07:00,1,6
cv\index.html,11,html,04bfb798,Shaanb2000,2025-10-18,22:32:25,-07:00,2025-10-18T22:32:25-07:00,2,23
cv\index.html,12,html,04bfb798,Shaanb2000,2025-10-18,22:32:25,-07:00,2025-10-18T22:32:25-07:00,1,7
cv\index.html,13,html,04bfb798,Shaanb2000,2025-10-18,22:32:25,-07:00,2025-10-18T22:32:25-07:00,1,4
cv\index.html,14,html,db8f4352,Shaanb2000,2025-10-19,23:07:19,-07:00,2025-10-19T23:07:19-07:00,2,7
cv\index.html,15,html,db8f4352,Shaanb2000,2025-10-19,23:07:19,-07:00,2025-10-19T23:07:19-07:00,3,16
cv\index.html,16,html,db8f4352,Shaanb2000,2025-10-19,23:07:19,-07:00,2025-10-19T23:07:19-07:00,3,98
cv\index.html,17,html,04bfb798,Shaanb2000,2025-10-18,22:32:25,-07:00,2025-10-18T22:32:25-07:00,2,8
cv\index.html,18,html,04bfb798,Shaanb2000,2025-10-18,22:32:25,-07:00,2025-10-18T22:32:25-07:00,1,5
cv\index.html,19,html,04bfb798,Shaanb2000,2025-10-18,22:32:25,-07:00,2025-10-18T22:32:25-07:00,1,6
cv\index.html,20,html,04bfb798,Shaanb2000,2025-10-18,22:32:25,-07:00,2025-10-18T22:32:25-07:00,2,66
cv\index.html,21,html,04bfb798,Shaanb2000,2025-10-18,22:32:25,-07:00,2025-10-18T22:32:25-07:00,1,7
cv\index.html,22,html,511c90ba,Shaanb2000,2025-10-24,16:10:17,-07:00,2025-10-24T16:10:17-07:00,1,48
cv\index.html,23,html,04bfb798,Shaanb2000,2025-10-18,22:32:25,-07:00,2025-10-18T22:32:25-07:00,0,5
cv\index.html,24,html,04bfb798,Shaanb2000,2025-10-18,22:32:25,-07:00,2025-10-18T22:32:25-07:00,0,5
contact\index.html,1,html,5741d22f,Shaanb2000,2025-10-18,22:15:35,-07:00,2025-10-18T22:15:35-07:00,0,13
contact\index.html,2,html,5741d22f,Shaanb2000,2025-10-18,22:15:35,-07:00,2025-10-18T22:15:35-07:00,0,14
contact\index.html,3,html,5741d22f,Shaanb2000,2025-10-18,22:15:35,-07:00,2025-10-18T22:15:35-07:00,0,4
contact\index.html,4,html,5741d22f,Shaanb2000,2025-10-18,22:15:35,-07:00,2025-10-18T22:15:35-07:00,1,22
contact\index.html,5,html,5741d22f,Shaanb2000,2025-10-18,22:15:35,-07:00,2025-10-18T22:15:35-07:00,1,67
contact\index.html,6,html,d445ba06,Shaanb2000,2025-10-18,22:28:41,-07:00,2025-10-18T22:28:41-07:00,1,35
contact\index.html,7,html,5741d22f,Shaanb2000,2025-10-18,22:15:35,-07:00,2025-10-18T22:15:35-07:00,1,41
contact\index.html,8,html,5741d22f,Shaanb2000,2025-10-18,22:15:35,-07:00,2025-10-18T22:15:35-07:00,0,5
contact\index.html,9,html,5741d22f,Shaanb2000,2025-10-18,22:15:35,-07:00,2025-10-18T22:15:35-07:00,0,4
contact\index.html,10,html,5741d22f,Shaanb2000,2025-10-18,22:15:35,-07:00,2025-10-18T22:15:35-07:00,1,6
contact\index.html,11,html,5741d22f,Shaanb2000,2025-10-18,22:15:35,-07:00,2025-10-18T22:15:35-07:00,2,14
contact\index.html,12,html,5741d22f,Shaanb2000,2025-10-18,22:15:35,-07:00,2025-10-18T22:15:35-07:00,1,7
contact\index.html,13,html,5741d22f,Shaanb2000,2025-10-18,22:15:35,-07:00,2025-10-18T22:15:35-07:00,1,4
contact\index.html,14,html,a07b7055,Shaanb2000,2025-10-24,16:35:39,-07:00,2025-10-24T16:35:39-07:00,2,4
contact\index.html,15,html,ccedb6e0,Shaanb2000,2025-10-18,22:17:47,-07:00,2025-10-18T22:17:47-07:00,3,5
contact\index.html,16,html,ccedb6e0,Shaanb2000,2025-10-18,22:17:47,-07:00,2025-10-18T22:17:47-07:00,4,8
contact\index.html,17,html,ccedb6e0,Shaanb2000,2025-10-18,22:17:47,-07:00,2025-10-18T22:17:47-07:00,4,66
contact\index.html,18,html,ccedb6e0,Shaanb2000,2025-10-18,22:17:47,-07:00,2025-10-18T22:17:47-07:00,3,6
contact\index.html,19,html,ccedb6e0,Shaanb2000,2025-10-18,22:17:47,-07:00,2025-10-18T22:17:47-07:00,0,0
contact\index.html,20,html,ccedb6e0,Shaanb2000,2025-10-18,22:17:47,-07:00,2025-10-18T22:17:47-07:00,3,5
contact\index.html,21,html,ccedb6e0,Shaanb2000,2025-10-18,22:17:47,-07:00,2025-10-18T22:17:47-07:00,4,5
contact\index.html,22,html,ccedb6e0,Shaanb2000,2025-10-18,22:17:47,-07:00,2025-10-18T22:17:47-07:00,4,59
contact\index.html,23,html,ccedb6e0,Shaanb2000,2025-10-18,22:17:47,-07:00,2025-10-18T22:17:47-07:00,3,6
contact\index.html,24,html,ccedb6e0,Shaanb2000,2025-10-18,22:17:47,-07:00,2025-10-18T22:17:47-07:00,0,0
contact\index.html,25,html,ccedb6e0,Shaanb2000,2025-10-18,22:17:47,-07:00,2025-10-18T22:17:47-07:00,3,5
contact\index.html,26,html,ccedb6e0,Shaanb2000,2025-10-18,22:17:47,-07:00,2025-10-18T22:17:47-07:00,4,5
contact\index.html,27,html,ccedb6e0,Shaanb2000,2025-10-18,22:17:47,-07:00,2025-10-18T22:17:47-07:00,4,80
contact\index.html,28,html,ccedb6e0,Shaanb2000,2025-10-18,22:17:47,-07:00,2025-10-18T22:17:47-07:00,3,6
contact\index.html,29,html,ccedb6e0,Shaanb2000,2025-10-18,22:17:47,-07:00,2025-10-18T22:17:47-07:00,0,0
contact\index.html,30,html,ccedb6e0,Shaanb2000,2025-10-18,22:17:47,-07:00,2025-10-18T22:17:47-07:00,3,19
contact\index.html,31,html,ccedb6e0,Shaanb2000,2025-10-18,22:17:47,-07:00,2025-10-18T22:17:47-07:00,2,5
contact\index.html,32,html,5741d22f,Shaanb2000,2025-10-18,22:15:35,-07:00,2025-10-18T22:15:35-07:00,1,5
contact\index.html,33,html,d445ba06,Shaanb2000,2025-10-18,22:28:41,-07:00,2025-10-18T22:28:41-07:00,1,6
contact\index.html,34,html,d445ba06,Shaanb2000,2025-10-18,22:28:41,-07:00,2025-10-18T22:28:41-07:00,2,66
contact\index.html,35,html,d445ba06,Shaanb2000,2025-10-18,22:28:41,-07:00,2025-10-18T22:28:41-07:00,1,7
contact\index.html,36,html,511c90ba,Shaanb2000,2025-10-24,16:10:17,-07:00,2025-10-24T16:10:17-07:00,1,48
contact\index.html,37,html,5741d22f,Shaanb2000,2025-10-18,22:15:35,-07:00,2025-10-18T22:15:35-07:00,0,5
contact\index.html,38,html,d445ba06,Shaanb2000,2025-10-18,22:28:41,-07:00,2025-10-18T22:28:41-07:00,0,5
